year,day,radn,maxt,mint,rain
2013,1,6.64,-1.2,-10.15,0
2013,2,6.7,-3.6,-12.54,0.58
2013,3,7.49,-1.29,-12.16,0
2013,4,6.91,1.22,-8.13,0
2013,5,3.78,1.02,-3.37,0
2013,6,5.39,2.97,-3.58,0
2013,7,4.49,0.47,-4.73,0
2013,8,7.19,3.42,-6.18,0
2013,9,8.5,8.48,-5.86,0
2013,10,5.96,4.85,-2.35,0
2013,11,4.45,4.78,-2.32,2.28
2013,12,6.72,10.13,1.59,0
2013,13,7.43,13.98,3.72,0
2013,14,2.53,6.35,3.65,0
2013,15,3.96,1.23,-3.01,0
2013,16,3.8,1.12,-2.89,0
2013,17,4.38,1.04,-3.58,0.74
2013,18,8.86,-0.25,-12.27,0
2013,19,9.8,8.47,-9.99,0
2013,20,7.65,5.97,-2.98,0
2013,21,2.97,-5.01,-8.87,2.34
2013,22,4.64,-9.52,-13.99,0
2013,23,5.83,-11.86,-17.51,0
2013,24,8.43,-10.32,-19.43,0
2013,25,8.58,-9.25,-18.42,1.16
2013,26,9.73,-6.89,-18.34,0
2013,27,10.32,-3.29,-16.33,0.66
2013,28,8.01,3.75,-10.79,4.66
2013,29,7.91,10.46,-3.66,8.26
2013,30,7.86,16.03,1.71,14.73
2013,31,4.79,3.95,-0.19,1.76
2013,32,3.31,-5.33,-7.91,0
2013,33,5.75,-6.59,-11.14,0
2013,34,10.16,-3.66,-13.15,0.8
2013,35,7.41,-5.69,-11.61,0
2013,36,8.72,-2.73,-9.94,0
2013,37,9.62,-2.6,-10.79,0
2013,38,12.18,0,-13.19,0
2013,39,8.35,0.79,-9.22,10.31
2013,40,7.45,-5.05,-10.49,0
2013,41,10.01,1.89,-14.09,2.37
2013,42,13.2,6.43,-8.27,0.99
2013,43,2.7,1.65,-0.01,0
2013,44,7.66,3.22,-2.3,0
2013,45,11.98,4.48,-5.74,0
2013,46,9.15,3.99,-2.8,0
2013,47,7.89,-1.37,-6.89,0
2013,48,5.92,-7.37,-11.18,0
2013,49,14.37,0.67,-12.33,0
2013,50,14.5,2.99,-10.07,1.75
2013,51,4.52,-4.46,-7.15,0
2013,52,6.35,-6.32,-10.14,0
2013,53,14.43,1.18,-10.34,0
2013,54,12.88,2.97,-6.12,0
2013,55,3.65,0.15,-1.81,1.64
2013,56,9.74,2.58,-3.21,0
2013,57,11.66,4.91,-6.6,16.4
2013,58,9.36,3.24,-4.13,13
2013,59,5.52,3.54,-0.25,3.25
2013,60,3.66,0.06,-2.19,2.31
2013,61,3.68,-3.36,-5.55,2.24
2013,62,4.23,-4.22,-6.74,2.4
2013,63,10.01,-1.6,-6.28,0
2013,64,13.33,0.56,-5.96,0
2013,65,17.58,3.98,-6.79,0
2013,66,10.83,3.22,-1.75,1.33
2013,67,13.25,2.79,-3.43,0
2013,68,19.48,7.59,-6.27,0
2013,69,20.05,13.57,-3.96,0
2013,70,11.56,11.9,3.89,2.99
2013,71,5.18,7.85,4.96,6.15
2013,72,12.69,3.69,-1.61,0
2013,73,16.68,-0.24,-7.88,0
2013,74,18.69,1.9,-7.54,0
2013,75,13.22,-0.93,-6.26,0
2013,76,18.44,-1.02,-9.56,0
2013,77,15.05,0.78,-9.42,4.67
2013,78,15.61,4.6,-6.73,2.99
2013,79,14.16,0.7,-4.88,0
2013,80,17.6,-0.88,-8.09,0
2013,81,15.62,-0.78,-6.84,0.58
2013,82,15.84,2.43,-3.77,0
2013,83,19.3,3.82,-4.33,0
2013,84,18.37,4.62,-2.77,0
2013,85,19.24,6.78,-1.3,0
2013,86,20.04,7.3,-1.33,1.02
2013,87,16.77,6.07,-0.28,0.22
2013,88,19.18,7.49,-0.19,0
2013,89,24.22,10.65,-2.88,0
2013,90,17.93,11.45,-1.84,8.36
2013,91,12.57,5.44,0.79,0.53
2013,92,16.25,1.41,-4.76,0
2013,93,16.19,1.8,-4.31,0
2013,94,26.14,11.83,-6.08,0
2013,95,24.31,8.19,-4.18,0
2013,96,24.61,7.86,-4.88,0
2013,97,26.85,19.55,-2.08,0
2013,98,24.91,17.69,3.46,0
2013,99,17.95,17.46,4.68,12.14
2013,100,5.96,9.45,6.14,14.58
2013,101,5.05,4.98,2.32,3.19
2013,102,11.8,7.96,1.05,7.64
2013,103,12.81,7.97,2.63,1.28
2013,104,17.77,8.19,0.35,0
2013,105,25.21,20.1,-0.14,0
2013,106,16.52,17.15,4.88,7.22
2013,107,21.91,13.27,1.74,0
2013,108,24.46,19.03,3.16,0
2013,109,16.6,22.71,9.6,9
2013,110,10.9,7.3,2.73,0
2013,111,20.29,7.13,-2.49,0
2013,112,25.48,13.96,-2.44,0
2013,113,24.85,15.43,0.1,0
2013,114,18.84,19.97,3.06,2.63
2013,115,16.52,13.99,2.08,2.19
2013,116,21.14,12.24,1.31,0
2013,117,26.3,18.95,0.34,0
2013,118,19.44,21.89,3.09,4.34
2013,119,13.66,15.05,8.45,0.68
2013,120,17.04,19.28,10.68,0
2013,121,23.79,24.24,9.62,0
2013,122,24.81,24.53,8.46,0
2013,123,23.61,23.53,8.95,0
2013,124,25.46,23.12,6.5,0
2013,125,25.17,24.46,8.09,0
2013,126,25.69,23.91,6.93,0
2013,127,25.29,25.19,8.92,0
2013,128,15.89,19.98,11.92,1.85
2013,129,20.1,20.99,10.4,0
2013,130,16.81,22.33,9.55,17.43
2013,131,13.71,17.24,10.45,0
2013,132,15.07,12.12,4.87,0
2013,133,16.96,10.19,1.98,0
2013,134,25.62,13.7,-1.23,0
2013,135,29.59,26.1,1.57,1.02
2013,136,26.22,24.68,7.76,0
2013,137,25.42,18.75,3.51,0
2013,138,26.86,21.12,3.97,0
2013,139,20.99,20.88,9.37,0
2013,140,22.96,28.14,14.09,0
2013,141,16.52,30.03,16.1,25.66
2013,142,15.34,29.35,16.93,3.2
2013,143,10.54,24.06,16.57,13.45
2013,144,7.06,9.08,4.85,4.01
2013,145,17.3,12.55,4.33,0
2013,146,21.25,15.62,4.95,0
2013,147,27.3,20.26,4.02,0
2013,148,14.78,17.11,7.6,20.87
2013,149,19.68,27.85,11.4,5.95
2013,150,23.51,30.34,16.32,0
2013,151,24.07,32.29,17.44,0
2013,152,23.22,31.2,17.42,0
2013,153,17.04,27.39,18.47,1.82
2013,154,17.1,18.47,10.48,0
2013,155,23.85,19.11,7.09,0
2013,156,26.73,21.46,6.86,0
2013,157,11.23,15.94,9.46,44.08
2013,158,8.9,17.77,12.66,3.44
2013,159,13.27,18.71,13.01,0.8
2013,160,24.38,23.46,11.18,0
2013,161,11.29,19.37,12.84,8.1
2013,162,6.43,19.18,15.62,6.08
2013,163,21.11,22.1,12.3,0
2013,164,6.65,17.09,13.57,14.56
2013,165,23.02,21.67,11.39,0
2013,166,26.22,23.1,10.38,0
2013,167,22.76,22.37,12.44,1.62
2013,168,18.69,25.81,14.02,2.15
2013,169,18.51,20.23,12.94,0
2013,170,25.85,19.44,8.1,0
2013,171,30.32,25.32,7.12,0
2013,172,29.45,27.78,10.32,0
2013,173,27.56,29.94,14.37,0
2013,174,16.88,31.49,19.95,26.61
2013,175,21.96,30.8,19.74,0
2013,176,15.51,28.33,18.53,3.3
2013,177,18.91,28.07,19.48,0
2013,178,15.98,26.99,17.16,15.44
2013,179,8.19,21.77,17.5,11.3
2013,180,12.98,23.37,16.4,17.24
2013,181,23.85,26.59,15.72,0
2013,182,9.03,21.3,16.85,16.03
2013,183,17.81,27.8,16.93,2.67
2013,184,23.5,28.89,17.91,0
2013,185,20.28,29.74,20.73,0
2013,186,16.16,30.52,20.69,7.42
2013,187,14.74,29.28,20.71,5.1
2013,188,13.88,29.46,21.39,3.44
2013,189,13.63,28.4,20.59,6.23
2013,190,15.21,28.43,19.54,5.04
2013,191,14.96,29.22,20.33,5.53
2013,192,17.49,24.97,17.77,0
2013,193,21.52,25.01,15.7,0
2013,194,21.07,26.07,16.72,0
2013,195,24.33,31.33,18.45,0
2013,196,20.71,30.87,20.91,0
2013,197,23.49,31.41,19.17,0
2013,198,24.41,33.23,19.48,1.64
2013,199,15.41,32.12,21.71,6.01
2013,200,16.11,32.43,21.26,8.44
2013,201,11.83,25.58,18.94,3.82
2013,202,21.89,25.85,16.03,0
2013,203,17.47,26.52,15.64,17.25
2013,204,22.73,28.03,17.3,1.69
2013,205,9.45,19.06,15.64,0
2013,206,27.07,22.87,8.89,0
2013,207,27.13,24.84,9.92,0
2013,208,19.18,25.89,12.46,8.87
2013,209,14.18,24.24,15.97,7.88
2013,210,19.7,21.81,13.28,0
2013,211,22.63,23.12,12.51,0
2013,212,24.76,25.6,12.32,0
2013,213,15.73,24.92,14.88,9.68
2013,214,16.09,24.19,13.87,6.79
2013,215,14.68,24.05,14.93,4.13
2013,216,18.21,21.44,13.37,0
2013,217,24.09,22.59,9.98,0
2013,218,24.34,24.45,10.94,0
2013,219,20.01,23.77,13.93,1.95
2013,220,14.84,28.38,17.9,45.57
2013,221,9.58,24.7,18.75,3.66
2013,222,19,22.98,13.68,0
2013,223,22.75,23.52,11.02,0
2013,224,16.44,25.1,12.9,21.88
2013,225,13.48,23.57,14.6,2.73
2013,226,17.08,19.33,11.27,0.89
2013,227,22.82,22.17,9.36,0
2013,228,22.72,23.4,10.36,0
2013,229,23.45,25,10.4,0
2013,230,21.47,24.72,12.3,0
2013,231,19.84,26.26,14.84,0
2013,232,21.88,27.95,13.82,0
2013,233,21.56,28.78,14.54,0
2013,234,15.33,29.06,15.79,7.69
2013,235,17.28,23.03,13.26,0
2013,236,21.45,23.56,9.77,0
2013,237,22.73,26.92,10.18,0.74
2013,238,14.59,26,13.57,33.78
2013,239,16.3,27.9,17.8,0
2013,240,11.61,28.18,18.53,12.56
2013,241,16.63,27.6,17.04,0
2013,242,19.21,29,15.53,0
2013,243,16.83,28.25,17.15,0
2013,244,10.24,27.39,18.84,24.35
2013,245,11.25,28.43,18.62,7.64
2013,246,9.73,20.4,14.87,0
2013,247,18.55,25.14,12.33,1.47
2013,248,14.69,19.81,11.08,0
2013,249,20.24,20.29,5.65,0
2013,250,14.09,20.11,7.09,6.22
2013,251,13.37,18,9.86,0
2013,252,20.5,22.92,5.82,0
2013,253,15.66,31.13,9.01,6.37
2013,254,12.51,33.1,18.65,5.79
2013,255,6.76,25.19,18.96,16.72
2013,256,3.76,15.72,12.74,8.96
2013,257,11.01,14.6,7.69,0
2013,258,17.69,18.94,5.41,1.26
2013,259,12.96,14.27,5.89,0.88
2013,260,18.64,16.49,1.27,0
2013,261,19.44,21.51,2.67,0
2013,262,18.19,24.12,7.23,0
2013,263,17.08,24.84,9.55,0
2013,264,8.6,20.78,12.41,31.22
2013,265,6.7,13.47,9.05,0
2013,266,9.92,13.87,7.18,0
2013,267,16.32,16.9,3.54,0
2013,268,17.34,19.86,3.57,0
2013,269,16.9,20.5,4.42,0
2013,270,15.98,20.37,5.63,0
2013,271,15.6,21.46,6.75,0
2013,272,15.42,21.86,7,0
2013,273,14.8,23.71,9.2,0
2013,274,13.72,23.25,10.17,0
2013,275,13.58,24.38,10.94,0
2013,276,10.33,21.87,7.94,2.21
2013,277,10.15,23.71,9.55,5.09
2013,278,5.1,20.83,14.74,5.32
2013,279,8.37,26.58,15.17,5.5
2013,280,5.89,22.1,14.86,30.03
2013,281,11.12,17.36,6.81,0
2013,282,13.43,19.25,4.71,0
2013,283,9.66,18.02,4.56,2.26
2013,284,12.76,18.88,5.26,0
2013,285,13.88,22.61,4.75,0
2013,286,9.32,21.05,6.32,6.41
2013,287,3.2,14.11,11.24,1.54
2013,288,8.95,19.57,10.22,0
2013,289,4,16.59,11.33,4.35
2013,290,6.53,17.82,8.77,18.39
2013,291,6.9,14.9,8.2,0
2013,292,7,16.04,6.41,2.09
2013,293,7.31,12.28,5.31,0
2013,294,10.79,17.59,5.19,0.61
2013,295,4.8,11.32,6.72,0.6
2013,296,6.87,9.08,2.29,1.01
2013,297,8.54,8.78,-0.02,0.58
2013,298,7.8,8.88,1.03,0.64
2013,299,6.35,8.41,2.29,0
2013,300,6.09,8.78,2.97,0
2013,301,8.08,9.7,1.58,0
2013,302,9.91,7.28,-3.66,0
2013,303,11.24,13.27,-2.68,0
2013,304,7.75,16.83,2.98,12.49
2013,305,7.77,18.42,9.62,0
2013,306,4.81,12.09,5.5,4.22
2013,307,5.16,3.37,-1.5,0
2013,308,9.69,5.29,-6.56,0
2013,309,10.28,11.33,-3.86,0
2013,310,6.9,15.61,2.96,10.69
2013,311,2.86,8.53,5.65,1.12
2013,312,4.46,4.93,0.42,0
2013,313,5.62,8.24,-0.28,2.29
2013,314,6.66,8.56,1.31,0.61
2013,315,6.98,7.34,-0.24,0
2013,316,4.02,0.18,-3.63,0
2013,317,7.71,2.3,-6.5,0
2013,318,9.37,10.57,-5.58,0
2013,319,8.73,13.03,-0.75,0
2013,320,8.38,14.17,1.15,0
2013,321,5.49,13.64,3.39,6.28
2013,322,4.71,12.42,6.72,0
2013,323,2.18,1.96,-0.34,0
2013,324,7.79,3.91,-7.21,0
2013,325,5.87,6.24,-5.9,5.94
2013,326,6.42,8.5,-0.29,1.36
2013,327,4.17,3.04,-4.09,3.14
2013,328,4.3,-5.02,-9.58,1.8
2013,329,7.67,0.1,-9.86,0
2013,330,5.39,1.55,-7.33,36.44
2013,331,2.66,0.96,-2.89,5.35
2013,332,3.06,-3.31,-7.67,2.73
2013,333,6.71,-2.6,-10.38,0
2013,334,8.68,-0.68,-13.95,0
2013,335,8.51,3.04,-10.12,1.23
2013,336,3.88,3.27,-1.04,0
2013,337,4.73,4.11,-1.33,0
2013,338,8.02,9.45,-3.26,0
2013,339,5.68,13.16,1.36,13.91
2013,340,2.84,4.16,-0.12,3.2
2013,341,2.98,-0.14,-3.41,0
2013,342,5.85,-0.48,-7.61,0.38
2013,343,7.13,4.02,-6.02,0
2013,344,1.66,-1.96,-3.61,0
2013,345,3.28,-3.36,-8.33,2.06
2013,346,5.14,-6.34,-12.35,0
2013,347,4.44,-4.4,-11.68,2.58
2013,348,4.91,-4.67,-12.84,10.57
2013,349,6.8,-2.87,-11.46,1.91
2013,350,5.21,-6.26,-11.98,0.99
2013,351,8.26,-3.79,-18.27,1.2
2013,352,7.05,-1.07,-10.44,0
2013,353,7.57,6.54,-5.35,0
2013,354,5.47,9.68,-1.63,3.08
2013,355,5.12,13.79,3.54,19.51
2013,356,7.72,14.79,0.23,0.67
2013,357,3.43,4.6,0.61,0.96
2013,358,4.06,-1.85,-6.51,1.22
2013,359,7.2,-4.38,-14.4,1.59
2013,360,7.54,-0.13,-11.49,0
2013,361,6.48,2.5,-6.13,0
2013,362,7.69,7.63,-5.24,0
2013,363,4.33,6.51,-1.1,8.15
2013,364,5.43,-2.74,-9.28,0
2013,365,5.78,-3.72,-10.61,0
2014,1,3.3,-5.85,-11.83,6.27
2014,2,2.27,-9.96,-13.84,9.05
2014,3,5.65,-12.69,-20.45,0
2014,4,8.6,-1.77,-21.84,0
2014,5,6.43,7.44,-12.66,6.99
2014,6,7.8,5.63,-7.67,0
2014,7,4.26,-14.05,-19.38,0
2014,8,7.63,-7.17,-18.79,0
2014,9,5.47,-3.06,-13.74,3
2014,10,8.32,5.29,-8.94,1.92
2014,11,5.83,10.02,-2.39,5.95
2014,12,3.18,3.68,-0.19,0
2014,13,5.72,9.34,-2.15,2.96
2014,14,3.1,5.89,0.79,2.01
2014,15,5.42,4.31,-2.45,0
2014,16,4.59,0.6,-4.85,0
2014,17,4.97,3.78,-4.68,8.2
2014,18,2.99,-1.56,-6.09,4.7
2014,19,7.69,-0.09,-9.99,0
2014,20,7.92,-0.48,-10.58,1.31
2014,21,4.07,-13.84,-18.16,0.43
2014,22,8.2,-14.99,-24.96,0.37
2014,23,9.32,-10.63,-23.05,0
2014,24,8.23,-8.28,-17.98,0
2014,25,9.54,-3.9,-16.42,1.56
2014,26,10.15,-1.07,-15.31,0.61
2014,27,9.89,-2.25,-15.07,0
2014,28,6.89,-11.69,-18.72,0
2014,29,9.8,-8.71,-20.34,0
2014,30,11.17,-2.79,-18.96,0
2014,31,10.95,1.36,-13.6,0
2014,32,9.27,4.54,-6.06,1.93
2014,33,6.79,2.62,-4.22,1.19
2014,34,4.04,-2.76,-6.33,0
2014,35,6.5,-3.53,-11.57,7.24
2014,36,5.26,-4.02,-9.9,11.08
2014,37,11.24,-6.89,-18.19,0
2014,38,12.01,-5.73,-18.52,0
2014,39,12.93,-6.9,-22.38,0
2014,40,9.43,-6.99,-20.51,2.39
2014,41,11.88,-5.65,-17.01,0
2014,42,10.87,-7.56,-17.14,0
2014,43,14.05,-4.43,-22.13,0
2014,44,10.24,-4.13,-19.26,8.45
2014,45,11.13,-0.28,-10.14,0
2014,46,4.86,-2.03,-7.04,2.7
2014,47,6.36,-8.02,-12.72,1.38
2014,48,15.07,-3.7,-21.35,0
2014,49,15.41,0.89,-18.15,0
2014,50,14.13,6.09,-8.27,0.46
2014,51,9.56,6.26,-5.5,12.82
2014,52,9.05,7.34,-3.3,6.65
2014,53,9.28,7.66,0.28,0
2014,54,10.26,6.73,-1.38,0
2014,55,4.72,-3.76,-6.94,0.43
2014,56,5.84,-5.56,-9.4,0.34
2014,57,5.89,-9.11,-12.79,0
2014,58,13.66,-6.04,-15.92,0.46
2014,59,13.08,-8.01,-17,0
2014,60,13.32,1.02,-16.11,2.06
2014,61,8.03,-5.02,-11.62,2.8
2014,62,7.75,-10.87,-15.27,0
2014,63,17.6,-6.58,-20.2,0
2014,64,16.48,-5.75,-17.46,0
2014,65,19.44,-2.82,-21.56,0
2014,66,20.04,5.17,-17.79,0
2014,67,16.35,3.8,-8.11,0
2014,68,12.53,1.36,-6.53,0
2014,69,18.27,8.64,-5.5,0
2014,70,12.06,11.51,0.39,6.06
2014,71,5.73,2.24,-2.03,26.64
2014,72,12.28,-7.11,-13.99,0
2014,73,21.72,8.49,-13.71,0
2014,74,18.95,6.06,-6.9,0
2014,75,8.77,-5.55,-10.06,0
2014,76,17.95,-2.9,-13.8,0
2014,77,22.32,6.75,-12.94,0
2014,78,19.7,6.47,-6.61,0.77
2014,79,6.82,4.03,0.66,0
2014,80,13.38,4.03,-2.79,0
2014,81,17.35,6.32,-3.08,0
2014,82,11.58,-1.47,-6.91,0
2014,83,14.04,-3.94,-10.58,0
2014,84,22.03,2.63,-10.72,0
2014,85,10.01,-4.77,-9.29,0
2014,86,17.95,5.29,-11.42,4.01
2014,87,18.73,12.8,-8.13,5.47
2014,88,8.83,6.33,0.57,43.55
2014,89,5.71,1.21,-1.22,0
2014,90,16.12,5.93,-1.79,0
2014,91,24.93,14.01,-3.59,0
2014,92,23.49,12.25,-2.44,0
2014,93,20.63,6.96,-4.02,0
2014,94,16.15,8.87,-2.88,4.88
2014,95,7.69,4.55,1.29,0
2014,96,25.25,11.1,-4,0
2014,97,17.03,9.3,-2.37,18.8
2014,98,16.32,11.56,0.6,2.18
2014,99,19.22,7.98,-0.74,0
2014,100,20.57,19.94,-1.37,2.4
2014,101,23.07,14.14,1.88,0
2014,102,26.24,18.99,1.8,1.07
2014,103,27.61,27.46,4.09,0
2014,104,15.98,25.01,12.93,9.61
2014,105,8.86,14.52,9.1,17.13
2014,106,18.74,2.63,-5.86,0
2014,107,27.68,11.95,-5.54,0
2014,108,27.71,15.48,-2.47,0
2014,109,19.96,10.43,0.95,0
2014,110,28.74,19.31,-2.21,0
2014,111,28.5,23.52,1.54,0
2014,112,12.3,16.51,7.22,10.17
2014,113,4.36,5.63,2.95,5.19
2014,114,19.26,10.05,-0.55,0
2014,115,18.95,17.86,-0.81,6.9
2014,116,12.59,11.78,2.8,2.41
2014,117,14.13,9.6,2.6,1.51
2014,118,24.64,14.69,-1.16,0
2014,119,13.42,11.18,1.64,6.94
2014,120,9.93,12.04,5.3,7.42
2014,121,14.63,16.72,6.05,2.17
2014,122,10.98,13.91,6.66,2.06
2014,123,11.68,15.02,7.29,2.03
2014,124,15.73,12.63,5.07,0
2014,125,19.66,13.68,3.62,0
2014,126,20.67,14.3,3.69,0
2014,127,26.56,18,0.9,0
2014,128,20.44,23.61,3.8,2.82
2014,129,18.93,28.65,11.02,15.74
2014,130,18.63,23.74,13.66,0
2014,131,24.64,22.71,7.74,0
2014,132,19.67,27.22,9.2,5.75
2014,133,18.71,28.77,12.55,27.31
2014,134,23.52,28.14,13.78,0
2014,135,15.16,25.85,14.58,16.67
2014,136,9.35,15.03,9.18,11
2014,137,18.04,12.95,4.49,0.74
2014,138,21.46,15.01,4.6,0
2014,139,27.11,19.28,3.16,0
2014,140,27.45,21.68,4.94,0
2014,141,21.15,20.04,9.81,1.96
2014,142,21.15,23.54,12.95,1.59
2014,143,6.57,13.96,11.35,0
2014,144,22.32,21.62,10.53,0
2014,145,27.42,24.62,8.28,0
2014,146,26.97,27.87,11.18,0
2014,147,22.38,28.22,16,0
2014,148,9.07,16.24,12.43,0
2014,149,16.4,17.83,10.65,0
2014,150,26.28,22.73,8.35,0
2014,151,26.07,21.62,7.57,0
2014,152,28.58,26.13,7.62,0
2014,153,20.22,30.45,12.83,5.63
2014,154,21,28.16,16.67,1.88
2014,155,23.35,22.49,10.05,0
2014,156,18.57,18.82,9.87,0
2014,157,20.86,20.91,10.62,0
2014,158,28.05,26.61,9.08,0
2014,159,20.81,27.31,10.04,15.52
2014,160,13.73,20.96,14.64,0.21
2014,161,17.09,24.87,16.68,0.82
2014,162,8.56,22.79,17.72,2.57
2014,163,6.98,20.98,17.1,10.94
2014,164,15.06,26.62,17.23,4.76
2014,165,15.91,16.17,9.79,0
2014,166,24.32,21.83,10.34,0
2014,167,29.21,29.07,10.22,0
2014,168,20.5,30.69,13.97,16.82
2014,169,14.99,24.56,17.87,0.94
2014,170,17.47,23.25,15.66,0
2014,171,26.49,21.53,8.32,0
2014,172,27.94,23.5,8.29,0
2014,173,27.74,25.27,9.5,0
2014,174,27.62,27.77,11.37,0
2014,175,17.83,28.48,15.82,19.33
2014,176,7.76,23.45,18.94,21.33
2014,177,18.36,25.46,17.07,0
2014,178,25.6,28.07,14.06,0
2014,179,25.37,29.14,14.88,0
2014,180,22.4,29.84,17.97,0.22
2014,181,21.27,30.54,19.4,0
2014,182,21.02,31.94,20.86,1.72
2014,183,14.13,30.3,21.04,5.04
2014,184,13.59,26.73,18.4,12.69
2014,185,16.72,21.33,14.29,0
2014,186,25.5,25.26,12.26,0
2014,187,27.31,27.42,11.83,0
2014,188,17.19,25.71,14.61,4.48
2014,189,16.18,29.24,18.64,3.9
2014,190,20.89,25.06,15.42,0
2014,191,23.87,23.36,11.85,0
2014,192,27.33,26.59,10.75,0
2014,193,26.48,29.41,13.45,0
2014,194,10.48,25.54,18.97,5.67
2014,195,14.17,27.36,17.88,10.13
2014,196,16.36,26.19,18.33,1.09
2014,197,21.35,22.59,12.42,0
2014,198,15.42,21.89,12.4,4.76
2014,199,25.33,24.82,11.13,0
2014,200,23.36,24.93,12.77,0
2014,201,20.56,25.86,15.62,0
2014,202,21.56,28.3,17.06,0
2014,203,22.05,30.27,18.32,0
2014,204,14.85,29.52,19.41,4.17
2014,205,15.82,20.98,14.12,0
2014,206,25.62,24.38,10.16,0
2014,207,18.91,26.28,11.78,4.05
2014,208,16.56,28.14,16.21,19.66
2014,209,6.25,19.92,16.39,23.85
2014,210,18.01,19.69,11.67,0
2014,211,17.86,22.93,10.55,11.85
2014,212,17,23.75,12.14,2.32
2014,213,24.83,27.71,12.94,0
2014,214,22.37,28.08,15.56,0
2014,215,12.81,24.26,15.88,50.93
2014,216,14.65,26.63,16.44,3.37
2014,217,14.83,25.61,15.45,8.54
2014,218,16.82,23.56,15.5,0
2014,219,21.59,23.61,12.32,0
2014,220,23.2,24.21,11.17,0
2014,221,24.41,26.28,11.14,0
2014,222,24.35,27.62,12.03,0
2014,223,16.91,27.55,14.07,5.63
2014,224,8.79,22.09,16.49,16.27
2014,225,9.67,22.75,16.52,2.26
2014,226,18.26,20.13,11.02,0.96
2014,227,17.63,20.19,11.44,0
2014,228,15.59,21.7,10.37,3.35
2014,229,18.5,21.76,12.19,0
2014,230,18.53,21.63,12.03,0
2014,231,24.08,25.71,9.16,0
2014,232,16.3,24.86,11.5,12.97
2014,233,11.28,26.01,17.89,17.92
2014,234,12.28,25.95,16.93,4.95
2014,235,9.09,21.34,16.83,0
2014,236,20.01,25.5,13.54,0
2014,237,21.02,26.63,13.22,0
2014,238,21.76,28.39,13.21,0
2014,239,17.37,25.58,15.33,0
2014,240,13.58,19.94,12.75,0
2014,241,21.07,23.13,9.23,0
2014,242,16.38,26.68,10.25,2.8
2014,243,10.67,24.81,16.58,4.43
2014,244,17.87,28.15,16.44,0
2014,245,12.19,28.76,18.21,24.37
2014,246,15.45,25.77,16.26,0
2014,247,19.01,28.66,14.86,0
2014,248,18.52,30.7,16.64,1.31
2014,249,9,23.59,18.29,1.02
2014,250,17.33,22.05,10.82,0
2014,251,20.38,24.04,8.1,0
2014,252,18.54,22.36,9.43,0
2014,253,15.06,23.49,13.87,0.73
2014,254,8.25,22.23,15.57,3.79
2014,255,9.45,13.83,8.54,1.62
2014,256,13.56,17.88,5.21,7.42
2014,257,15.3,16.06,6.3,0
2014,258,12.94,19.8,7.4,10.04
2014,259,14.33,18.04,8.68,0
2014,260,17.2,19.36,6.55,0
2014,261,15.39,17.15,6.65,0
2014,262,18.72,16.85,1.36,0
2014,263,19.02,22.49,4,0
2014,264,10.18,25.19,14.75,7.92
2014,265,4.85,13.19,9.06,2.29
2014,266,17.46,20.63,4.84,0
2014,267,17.51,23.11,6.04,0
2014,268,14.95,20.54,8.28,0
2014,269,16.34,23.2,7.79,0
2014,270,16.52,25.12,8.1,0
2014,271,16.17,26.47,9.33,0
2014,272,15.04,25.22,10.4,0
2014,273,10.43,24.45,11.15,3.58
2014,274,11.24,21.58,11.89,0
2014,275,12.45,22.05,10.72,0
2014,276,11.39,21.59,11.38,1.61
2014,277,3.28,15.25,11.9,6.21
2014,278,12.19,12.29,1.9,0
2014,279,10.92,18.87,3.34,2.04
2014,280,8.88,19.56,8.31,8.02
2014,281,6.11,16.86,11.76,1.58
2014,282,12.34,16.38,4.65,0
2014,283,12.48,15.15,3,0
2014,284,11.02,13.53,3.22,0
2014,285,13.68,15.28,-0.46,0
2014,286,13.88,18.71,1.11,0.71
2014,287,11.04,25.28,12.47,0
2014,288,3.6,21.99,17.15,13.03
2014,289,6.05,21.28,15.13,1.56
2014,290,6.02,18.78,10.62,2.02
2014,291,2.19,13.18,10.64,7.27
2014,292,4.4,6.24,2.39,0
2014,293,8.07,11.33,0.11,6.09
2014,294,6.22,12.28,4.26,2.76
2014,295,3.02,9.68,7.07,0
2014,296,5.17,11.17,6.45,1.06
2014,297,8.69,15.04,6.37,0
2014,298,8.45,18.59,4.26,3.1
2014,299,3.21,10.55,6.72,2.68
2014,300,9.3,14.38,4.74,0
2014,301,8.6,24.78,6.05,9.58
2014,302,3.12,12.93,10.18,0
2014,303,3.85,7.87,4.56,0
2014,304,8.63,9.47,0.91,0
2014,305,3.26,4.8,2.08,1.79
2014,306,4.95,5.14,0.86,0
2014,307,10.1,13.85,1.08,0
2014,308,9.82,18.2,5.09,0
2014,309,6.76,14.6,7.73,0
2014,310,4.91,7.91,1.57,14.39
2014,311,1.6,4.19,2.45,10.55
2014,312,8.03,6.9,-1.58,0
2014,313,7.41,7.55,-0.04,0
2014,314,8.7,13.7,2.95,0
2014,315,8.74,17.5,5.81,0
2014,316,3.72,10.1,6.65,0
2014,317,1.43,1.82,0.34,3.24
2014,318,6.74,1.61,-4.94,0
2014,319,7.5,2.9,-5.04,0
2014,320,5.19,3.53,-3.64,2.64
2014,321,3.17,2.68,-1.32,11.84
2014,322,3.84,-4.08,-7.64,0
2014,323,7.25,-1.65,-9.57,0
2014,324,7.89,-1,-8.82,1.45
2014,325,6.35,-2.22,-8.11,0
2014,326,9.59,7.76,-8.42,1.97
2014,327,6.94,13.1,-3.04,3.25
2014,328,7.47,19.62,7.18,0
2014,329,5.36,9.74,3.24,0
2014,330,1.43,1.58,-0.33,7.96
2014,331,3.7,-0.16,-4.01,1.23
2014,332,3.1,-2.9,-6.09,0
2014,333,7.44,3.55,-7.68,0
2014,334,5.82,11.78,-4.34,2.06
2014,335,3.2,5.96,2.23,0
2014,336,5.67,4.19,-6,3.2
2014,337,7.55,5.27,-4.99,1.88
2014,338,4.24,0.88,-3.57,0
2014,339,5.6,2.79,-7.18,10.19
2014,340,4.21,2.85,-3.57,8.81
2014,341,3.61,-1.32,-5.15,0
2014,342,6.35,-0.43,-8.08,0
2014,343,5.11,2.97,-5.92,4.59
2014,344,0.96,-0.95,-1.98,20.08
2014,345,1.86,-3.12,-4.86,0
2014,346,2.97,-1.13,-5.28,2.27
2014,347,4.63,0.82,-4.23,1.31
2014,348,3.81,2.68,-1.4,1.66
2014,349,2.45,2.6,0.1,0
2014,350,3.48,5.39,0.26,2.48
2014,351,2.34,5.07,1.38,2.96
2014,352,1.41,-0.27,-1.7,0.7
2014,353,2.4,-2.15,-4.79,0
2014,354,2.81,-1.85,-4.93,0
2014,355,3.76,0.58,-3.66,0
2014,356,4.25,3.64,-3.55,2.36
2014,357,6.52,7.94,-1.72,1.76
2014,358,4.72,13.22,3.79,2.9
2014,359,2.51,7.46,4.84,0
2014,360,4.79,7.34,1.85,0
2014,361,5.11,11.12,-0.56,4.84
2014,362,3.25,5.33,1.82,0
2014,363,3.14,-0.35,-3.54,1.01
2014,364,2.45,-4.83,-7.11,0
2014,365,3.74,-5.31,-8.89,0
2015,1,5.15,0.31,-8.23,0
2015,2,3.87,-0.08,-6.1,0
2015,3,5.66,6.38,-7.45,6.14
2015,4,7.89,12.56,-3.51,1.21
2015,5,2.8,-3.89,-7.53,0
2015,6,3.54,-7.98,-12.57,0.54
2015,7,2.59,-10,-13.23,0
2015,8,6.54,-8.23,-17.58,0
2015,9,6.5,-5.13,-14.34,1.98
2015,10,5.3,-7.67,-14.62,0
2015,11,8.43,0.69,-14.19,1.49
2015,12,4.88,1.08,-7.93,2.63
2015,13,5.43,-10.75,-17.6,0
2015,14,9.31,-4.47,-23.56,0
2015,15,9.31,-2.34,-20.54,0
2015,16,6.48,-1.79,-15.42,2.07
2015,17,9.58,-1.08,-19.84,0
2015,18,9.79,4.3,-16.52,0
2015,19,2.57,0.74,-2.11,0
2015,20,4.32,-4.61,-9.51,0
2015,21,9.09,-4.23,-17.36,0
2015,22,9.15,-2.79,-15.8,0
2015,23,7.9,0.53,-9.31,0
2015,24,6.05,0.65,-6.19,0
2015,25,3.22,-4.08,-7.4,0
2015,26,4.62,-7.92,-14.51,7.54
2015,27,3.39,-9.95,-13.29,0
2015,28,10.15,-5.17,-18.65,0
2015,29,8.4,-0.65,-19.13,3.64
2015,30,7.04,-2.54,-13.4,4.92
2015,31,9.83,-4.7,-16.14,0
2015,32,7.29,-4.56,-15.55,11.3
2015,33,3.69,-6.79,-11.27,9.28
2015,34,10.91,-5.17,-17.38,1.38
2015,35,8.94,-0.41,-15.78,4.86
2015,36,3.7,-7.57,-11.91,2.15
2015,37,12.01,-5.16,-19.61,0
2015,38,8.5,-1.19,-13.77,3.32
2015,39,4.82,-1.17,-6.86,11.62
2015,40,3.84,-6.5,-10.76,7.93
2015,41,4.54,-7.25,-10.8,0
2015,42,13.47,-0.48,-15.82,1.28
2015,43,12.33,-3.23,-15.32,0
2015,44,11.4,-8.92,-18.83,1.05
2015,45,10.6,-5.25,-20.1,4.71
2015,46,3.15,-15.22,-18.04,4.42
2015,47,10.03,-13.49,-20.65,0
2015,48,15.21,-7.47,-22.17,0
2015,49,11.83,-4.97,-21.81,4.3
2015,50,7.99,-11.91,-17.24,0.49
2015,51,13.95,-11.38,-22.22,0
2015,52,12.53,-5.63,-23.63,3.34
2015,53,9.59,-1.45,-10.68,3.61
2015,54,6.34,-13.03,-16.88,0
2015,55,17.53,-6.66,-24.91,0
2015,56,16.95,-5.58,-21.08,0
2015,57,10.16,-8.74,-15.44,0
2015,58,13.74,-9.19,-18.76,0
2015,59,18.42,-4.88,-22.92,1.35
2015,60,13.79,-3.09,-20.38,2.81
2015,61,9.57,-3.11,-8.97,0
2015,62,13.92,0.68,-15.17,13.77
2015,63,17.98,2.29,-12.01,1.71
2015,64,5.95,-7.71,-11.01,0.69
2015,65,18.77,-4.9,-19.04,0
2015,66,19.02,-2.21,-16.81,0.86
2015,67,15.47,2.71,-7.14,0
2015,68,18.19,6.82,-5.98,0
2015,69,19.19,8.84,-5.55,0
2015,70,16.14,8.1,-2.42,0
2015,71,8.9,2.02,-3.03,0
2015,72,20.31,7.33,-7.96,0
2015,73,16.68,6.08,-4.31,1.26
2015,74,3.74,1.48,-0.12,1.13
2015,75,21.11,10.14,-5.21,1.48
2015,76,14.06,4.86,-3,1.32
2015,77,8.69,-1.45,-5.89,1.39
2015,78,20.2,0.61,-11.79,0
2015,79,20.23,1.26,-10.76,1.74
2015,80,12.46,5.08,-3.93,2.19
2015,81,8.35,-3.78,-7.68,0.47
2015,82,12.56,-5.32,-11.11,0
2015,83,23.79,0.39,-14.78,0
2015,84,25.46,7.1,-13.3,1.28
2015,85,13.31,4.06,-4.9,9.77
2015,86,8.79,2.76,-1.09,0
2015,87,10.56,-4.24,-8.76,0
2015,88,24.99,4.7,-10.62,0
2015,89,23.91,5.9,-7.36,0.35
2015,90,13.08,3.03,-2.44,0
2015,91,22.33,5.52,-5.47,0
2015,92,20.63,18.12,-4.62,2.36
2015,93,17.75,16.14,3.16,10.54
2015,94,10.99,5.17,0.61,0.57
2015,95,10.14,2.22,-1.76,1.48
2015,96,27.28,15.86,-1.29,0
2015,97,15.73,6.83,0.4,1.52
2015,98,8.6,5.77,1.38,12.26
2015,99,11.73,8.33,2.28,5.77
2015,100,22.28,13,3.31,0.91
2015,101,13.73,7.67,2.54,0
2015,102,29.07,18.2,-1.17,0
2015,103,21.77,25.09,2.3,9.39
2015,104,25.39,16.26,3.4,0
2015,105,25.92,14.32,1.33,0
2015,106,22.01,20.72,-0.17,4.13
2015,107,27.02,17.32,2.26,0.32
2015,108,27.97,21.13,4.09,0
2015,109,21.44,18.96,0.89,2.83
2015,110,18.52,16.76,4,13.31
2015,111,15.34,13.3,6.53,1.45
2015,112,15.1,10.09,3.57,0.61
2015,113,9.41,3.42,-0.25,0.78
2015,114,11.79,3.23,-1.24,0.31
2015,115,26.53,9.45,-3.16,0
2015,116,25.93,9.95,-2.31,0
2015,117,16.46,9.25,2.52,0.59
2015,118,24.99,16.22,4.38,0
2015,119,28.37,19.35,3.91,0
2015,120,29.52,20.54,2.92,0
2015,121,27.17,18.35,4.05,0
2015,122,29.44,21.54,4.21,0
2015,123,29.83,24.37,5.72,0
2015,124,29.07,27.27,8.95,0
2015,125,18.39,21.56,11.52,0
2015,126,21.99,22.52,9.96,0
2015,127,26.34,27.12,8.48,0
2015,128,26.3,30.87,11.09,0
2015,129,21.76,29.61,15.63,0
2015,130,13.74,29.42,18.02,35.67
2015,131,13.29,27.9,17.1,38.76
2015,132,9.2,23.01,16.35,3.47
2015,133,9.79,13.03,8.41,0.39
2015,134,25.74,17.83,2.37,0
2015,135,19.93,21.53,4.35,5.93
2015,136,23.92,24.24,10.1,1.62
2015,137,21.69,25.83,13.53,0
2015,138,16.87,27.87,14.7,25.82
2015,139,17.03,24.45,15.8,1.38
2015,140,18.03,13.46,5.17,0
2015,141,23.88,16.96,4.53,0
2015,142,19.64,15.42,5.99,0
2015,143,28.24,17.68,-0.01,0
2015,144,29.38,25.54,3.51,0
2015,145,26.51,29.12,11.21,0
2015,146,19.2,27.19,16.3,0
2015,147,13.88,27.41,19.75,0
2015,148,12.82,23.34,16.71,0
2015,149,25.91,27.51,11.16,0
2015,150,17.59,28.67,14.59,19.18
2015,151,7.27,14.25,9.84,14.37
2015,152,6.74,12.95,9.07,2.4
2015,153,16.77,16.14,8.61,0.49
2015,154,27.68,21.6,5.8,0
2015,155,27.61,23.38,7.21,0
2015,156,18.08,25.58,12.52,20.51
2015,157,14.86,17.98,11.46,0
2015,158,29.77,24.84,5.51,1.58
2015,159,16.6,22.36,11.69,22.9
2015,160,8.2,21.15,16.42,17.09
2015,161,19.66,25.55,11.28,22.71
2015,162,21.9,25.05,14.24,0
2015,163,19.2,28.76,14.05,19.37
2015,164,21.14,24.24,13.92,0
2015,165,18.49,26.59,13.5,15.1
2015,166,13.87,25.9,17.15,2.24
2015,167,11.39,25.22,18.33,5.9
2015,168,20.76,22.69,13.23,0
2015,169,21.13,24.78,14.84,0
2015,170,12.2,20.59,15.47,0
2015,171,20.63,23.95,9.07,11.24
2015,172,17.55,25.51,13.94,3.73
2015,173,25.39,27.57,14.17,0.99
2015,174,23.81,28.27,16.33,1.27
2015,175,23.63,24.25,13.27,0
2015,176,17.56,24.4,13.53,2.47
2015,177,22.88,23.91,13.39,0
2015,178,11.59,18.86,12.62,34.23
2015,179,12.94,18.78,11.9,9.18
2015,180,21.87,21.88,12.54,1.26
2015,181,17.31,24.42,13.85,3.94
2015,182,15.8,22.68,16.11,1.96
2015,183,19.17,21.91,13.78,0
2015,184,27.84,24.25,9.44,0
2015,185,23.47,23.37,12.73,0
2015,186,25.56,26.18,13.45,0
2015,187,24.63,26.67,14.44,0
2015,188,18.3,29.85,17.27,5.66
2015,189,15.3,21.91,15.75,0
2015,190,12.04,20.72,14.26,15.49
2015,191,23.87,24.71,13.62,0
2015,192,26.04,26.8,13.35,0
2015,193,24.71,27.27,14.99,0
2015,194,17.62,28.26,16.67,4.11
2015,195,13.32,25.4,17.8,13.98
2015,196,15.82,19.1,12.93,0
2015,197,27.09,22.97,8.94,0
2015,198,25.85,24.03,10.93,1.65
2015,199,24.59,29.37,16.18,0
2015,200,16,31.15,20.04,2.03
2015,201,17.27,28.39,20.37,0
2015,202,14.09,25.69,17.19,2.41
2015,203,21.68,23.51,13.62,0
2015,204,24.59,24.27,12.01,0
2015,205,26.29,26.37,11.65,0
2015,206,18.26,25.77,13.11,21.31
2015,207,21.9,27.96,16.88,0
2015,208,23.17,29.42,16.75,0
2015,209,23.91,30.22,16.35,0
2015,210,23.41,30.95,17.18,0
2015,211,13.24,27.76,18.92,16.02
2015,212,21.05,28.2,16.87,0
2015,213,17.21,25.48,16.99,0
2015,214,23.08,27.66,14.57,0
2015,215,14.27,26.72,16.89,4.19
2015,216,13.58,24.53,15.59,3.22
2015,217,16.78,23.02,15.06,0
2015,218,21.2,23.1,12.3,0
2015,219,23.87,24.56,10.79,0
2015,220,21.32,22.69,11.34,0
2015,221,23.14,26.03,12.27,0
2015,222,15.76,26.35,14.48,18.8
2015,223,13.09,24.73,18.24,1.4
2015,224,9.17,22.51,16.67,3.25
2015,225,22.27,24.23,11.42,0
2015,226,22.34,27.69,13.76,0
2015,227,16.9,27.67,18.37,0.66
2015,228,20.84,30.07,17.05,0
2015,229,20.81,31.15,17.75,0
2015,230,14.35,30.55,18.74,4.01
2015,231,16.18,29.02,19.69,0
2015,232,8.89,27.28,20.8,11.85
2015,233,16.59,23.63,14.61,0
2015,234,18.76,23.15,12.55,0
2015,235,20.84,25.21,12.3,0
2015,236,19.22,25.09,13.68,0
2015,237,18.41,23.14,12.59,0
2015,238,15.35,20.85,12.72,0
2015,239,13.73,20.29,13.26,0
2015,240,21.62,23.62,9.47,0
2015,241,21.97,26.54,10.61,0
2015,242,19.92,27.11,13.72,0
2015,243,18.1,28.21,16.32,0
2015,244,18.32,28.13,15.9,0
2015,245,19.08,29.47,15.78,0
2015,246,18.34,29.49,16.37,0
2015,247,17.02,29.3,17.38,0
2015,248,16.1,29.02,17.9,0
2015,249,16.71,30.33,18.25,0
2015,250,17.06,32.05,18.93,0
2015,251,17.02,32.71,19.28,0
2015,252,11.14,30.45,19.69,10.98
2015,253,8.59,21.66,16.44,0
2015,254,16.97,24.38,12.08,0
2015,255,7.53,18.19,12.12,19.53
2015,256,3.95,16.26,13.33,7.66
2015,257,14.23,20.7,11.49,0
2015,258,18.61,25.46,9.98,0
2015,259,18.87,27.68,10.44,0
2015,260,17.89,28.29,12.41,0
2015,261,17.05,28.48,13.57,0
2015,262,10.6,25.35,14.46,13.49
2015,263,12.09,18.94,10.51,0
2015,264,15.94,18.56,6.07,0
2015,265,17.16,22.25,6.94,0
2015,266,16.93,23.41,7.78,0
2015,267,16.77,24.17,8.11,0
2015,268,15.83,23.67,8.92,0
2015,269,14.17,22.13,9.66,0
2015,270,14.2,23.27,10.4,0
2015,271,11.24,21.73,12.43,1.36
2015,272,4.78,21.39,16.38,82.08
2015,273,2.83,15.56,12.95,8.35
2015,274,8.78,12.89,6.45,0
2015,275,8.67,10.23,4.02,0
2015,276,8.6,10.24,4.11,1.15
2015,277,13.41,16.42,5.05,0
2015,278,13.88,18.83,6.18,0
2015,279,10.18,15.12,7.16,0
2015,280,11.12,18.96,9.71,0
2015,281,8.35,17.89,8.61,5.5
2015,282,7.66,17.03,8.7,20.89
2015,283,10.94,13.91,4.82,0
2015,284,14.57,22.06,4.32,0
2015,285,13.94,24.09,6.91,0
2015,286,6.56,18.6,10.6,3.6
2015,287,3.61,12.71,9.81,0.29
2015,288,12.18,16.84,4.2,0.94
2015,289,9.09,13.32,5.27,1.21
2015,290,6.4,6.93,1.78,0.43
2015,291,8.4,5.03,-1.86,0.48
2015,292,12.75,11.86,-2.35,0
2015,293,13.18,18.13,-0.08,0.81
2015,294,7,18.74,9.35,2.72
2015,295,8.19,18.35,10.46,0
2015,296,9.19,10.59,1.99,0
2015,297,7.96,11.28,0.37,14.74
2015,298,8.14,11.46,4.04,0.95
2015,299,10.45,9.85,-0.9,0
2015,300,11.61,12.78,-1.81,0.92
2015,301,8.54,15.44,0.21,12.93
2015,302,6.58,13.98,7.55,1.14
2015,303,5.33,9.92,4.84,0
2015,304,7.55,10.22,-1.98,3.2
2015,305,10.86,17.24,0.34,0
2015,306,8.93,15.36,4.13,0
2015,307,10.29,21.58,4.41,0
2015,308,10.24,24.18,5.43,0
2015,309,8.32,21.21,9.31,0
2015,310,4.35,21.47,13.84,2.01
2015,311,3.2,11.05,7.37,1.5
2015,312,6.47,10.29,2.28,0
2015,313,9.31,13.46,-1.71,0
2015,314,6.36,13.21,0.48,13.27
2015,315,3,11.73,8.19,0.92
2015,316,3.23,13.32,7.99,4.81
2015,317,1.56,8.93,6.59,2.74
2015,318,3.82,4.86,0.4,0
2015,319,8.74,15.09,-0.55,0
2015,320,7.8,13.23,0.89,0
2015,321,8.37,11.38,-3.47,0
2015,322,8.24,14.76,-0.56,0
2015,323,6.49,16.58,6.5,1.16
2015,324,5.17,8.78,1.6,0
2015,325,7.03,8.46,-2.7,0
2015,326,4.56,5.88,-0.46,0
2015,327,3.61,0.82,-3.97,0
2015,328,5.53,3.01,-4.93,0
2015,329,7.21,8.52,-4.03,0
2015,330,7.47,12.71,-1.7,0
2015,331,4.88,16.5,4.99,4.99
2015,332,1.57,3.24,1.31,0
2015,333,2.9,2.04,-1.95,0
2015,334,7.49,5.35,-6.31,0.76
2015,335,5.28,9.12,-4.18,6.76
2015,336,2.48,8.64,3.87,9.62
2015,337,2.08,5.22,2.5,1.12
2015,338,2.45,5.59,2.44,0
2015,339,3.6,6.64,1.91,0
2015,340,6.86,9.24,-3.12,0
2015,341,5.68,5.26,-3.35,0
2015,342,5.14,5.31,-2.23,0
2015,343,6.17,9.47,-0.75,1.8
2015,344,6,12.12,2.18,0
2015,345,5.83,14.57,4.57,0
2015,346,6.42,12.53,0.38,0
2015,347,6.33,14.65,2.16,0
2015,348,4.19,17.62,7.11,8.19
2015,349,1.65,9.81,7.52,0
2015,350,4.31,8.17,1.69,0
2015,351,3.52,9.23,2.12,9.13
2015,352,1.25,2.68,1.29,0
2015,353,2.05,-1.01,-3.51,0
2015,354,5.32,4.32,-3.38,0
2015,355,4.82,9.88,-1.67,2.62
2015,356,3.88,12.4,4.47,16.17
2015,357,6.19,16.67,5.09,1.57
2015,358,6.21,18.18,6.12,0
2015,359,6.3,12.48,1.07,0
2015,360,4.71,9.1,-1.77,10.7
2015,361,4.83,10.8,-0.86,6.62
2015,362,2.9,1.74,-3.46,10.28
2015,363,5.82,4.78,-4.31,0.9
2015,364,3.2,6.55,0.67,2.71
2015,365,1.25,1.94,0.65,1.62
2016,1,2.29,0.34,-2.1,1.26
2016,2,4.96,0.56,-5.15,0
2016,3,5.2,1.74,-4.29,1.18
2016,4,2.38,-9.88,-12.31,0
2016,5,6.95,-5.71,-14.36,0
2016,6,8.68,2.73,-13.35,0
2016,7,8.48,4.56,-9.47,0
2016,8,8.3,3.86,-8.65,0
2016,9,6.2,7.31,-5.29,9.84
2016,10,5.09,10.71,2.18,7.26
2016,11,2.89,-4.63,-7.5,0
2016,12,6.91,-1.24,-9.15,0
2016,13,3.42,-5.54,-8.92,0.81
2016,14,8.36,1.03,-9.82,0.77
2016,15,6.95,7.67,-7.97,4.76
2016,16,4.84,4.79,-0.11,0
2016,17,3.66,-0.66,-4.17,0.7
2016,18,4.4,-6.78,-10.92,0
2016,19,5.71,-5.39,-10.89,1.8
2016,20,6.12,-4.03,-9.91,1.26
2016,21,5.1,-4.09,-8.77,1.96
2016,22,9.71,-5.49,-17.47,0
2016,23,9.13,-4.96,-14.96,0
2016,24,8.82,-2.86,-12.07,0
2016,25,10.24,2.73,-10.34,0
2016,26,10.33,10.24,-3.61,0
2016,27,2.05,1,-0.51,0.41
2016,28,7.83,2.44,-4.77,0
2016,29,5.64,0.56,-4.18,0
2016,30,11.01,7.03,-6.91,0
2016,31,11.34,13.2,-3.7,0
2016,32,6.52,9.05,3.24,0
2016,33,6.83,6.15,-2.62,4.79
2016,34,7.73,11.14,-0.21,7.05
2016,35,4.07,5.25,1.92,0
2016,36,4.39,0.9,-2.45,0
2016,37,10.59,4.25,-5.55,0
2016,38,11.51,6.73,-4.8,0
2016,39,9.86,3.95,-4.17,0
2016,40,5.49,2.76,-2.59,2.21
2016,41,4.04,-1.3,-4,0
2016,42,2.81,-10.1,-11.72,0
2016,43,11.52,-5.13,-14.25,1.37
2016,44,5.39,-14.95,-18.27,1.28
2016,45,14,-12.97,-26.4,0
2016,46,11.18,-0.36,-24.68,13.17
2016,47,10.74,1.91,-11.42,35.07
2016,48,5.43,-0.24,-3.62,0.83
2016,49,10.45,-6.15,-13.06,0
2016,50,15.99,4.12,-15.59,0
2016,51,15.9,13.33,-6.5,0
2016,52,8.46,5.05,-0.6,0
2016,53,9.45,-0.29,-6.41,0
2016,54,11.95,5.65,-9.24,2.14
2016,55,12.48,9.77,-6.22,29.15
2016,56,6.69,5.47,0.02,3.22
2016,57,7.8,-4.07,-8.59,0
2016,58,16.3,3.74,-8.84,0
2016,59,18.18,16.34,-5.18,0
2016,60,13.14,10.32,1.47,0
2016,61,17.45,6.66,-7.45,0.95
2016,62,9.94,-1.46,-7.21,0.54
2016,63,12.02,-3.72,-10.69,0
2016,64,14.97,-1.07,-10.27,0
2016,65,15.83,-0.74,-10.77,0
2016,66,17.96,3.94,-9.05,0
2016,67,19.88,13.55,-5.4,0
2016,68,19.32,17.95,0.66,0
2016,69,14.78,23.41,3.12,2.08
2016,70,6.97,15.85,10.02,18.9
2016,71,7.37,6.09,1.83,0.73
2016,72,20.56,17.1,-2.74,0
2016,73,12.1,11.61,0.45,3.42
2016,74,6.97,8.24,2.58,2.12
2016,75,9.53,10.37,4.67,0.96
2016,76,11.89,15.59,5.35,3.29
2016,77,17.08,13.53,2.53,0
2016,78,6.15,4.52,1.33,0
2016,79,15.26,1.93,-6.76,0
2016,80,21.29,5.64,-9.3,0
2016,81,18.4,3.12,-7.48,0.65
2016,82,22.4,11.83,-5.14,0
2016,83,20.36,10.32,-2.89,1.87
2016,84,17.2,20.56,0.74,3.57
2016,85,18.86,12.07,0.72,0
2016,86,19.43,10.28,-1.51,0
2016,87,22.77,15.62,-1.48,0
2016,88,12.82,13.05,3.07,5.78
2016,89,12.5,5.24,-1.06,0
2016,90,24.76,16.27,-4.44,0
2016,91,24.54,19.74,-0.59,0
2016,92,11.83,17.41,8.35,4.54
2016,93,9.95,8.7,1.71,6.26
2016,94,6.97,-1.5,-5.99,6.26
2016,95,8.44,-2.83,-6.74,1.95
2016,96,23.62,-1.17,-15.25,0
2016,97,26.3,7.35,-11.97,0
2016,98,17.73,10.61,-3.64,5.03
2016,99,8.61,2.03,-1.69,0
2016,100,12.47,0.89,-4.6,0
2016,101,22.2,5.67,-5.88,1.76
2016,102,19.08,11.5,-3.77,10.52
2016,103,14.98,7.19,0.52,0
2016,104,22.49,7.53,-3.87,0
2016,105,26.35,12.44,-3.94,0
2016,106,27.83,17.49,-2.95,0
2016,107,27.46,19.43,-0.34,0
2016,108,27.37,21.78,1.43,0
2016,109,24.62,22.66,2.08,0
2016,110,16.41,14.04,4.53,0
2016,111,23.83,17.04,-0.29,0
2016,112,25.72,23.71,0.96,1.09
2016,113,12.15,18.23,8.63,3.62
2016,114,14.98,10.7,2.61,0
2016,115,23.53,13.43,-1.94,0
2016,116,14.76,12.64,1.28,7.06
2016,117,4.44,6.91,4.23,6.27
2016,118,24,12.39,-2.6,0
2016,119,23.12,12.27,-1.79,0
2016,120,13.97,11.43,1.54,2.28
2016,121,15.2,15.58,4.56,6.77
2016,122,8.22,11.67,6.45,2.62
2016,123,5.97,9.99,6.39,14.98
2016,124,18.56,12.81,3.44,0
2016,125,20.69,16.01,4.88,0
2016,126,15.83,14.73,6.95,0
2016,127,13.2,15.42,6.85,3.82
2016,128,22.62,18.43,6.32,1.66
2016,129,15.75,13.24,5.87,0.88
2016,130,22.75,14.76,2.76,0
2016,131,27.03,16.6,-0.35,0
2016,132,28.29,21.36,1.13,0
2016,133,28.55,25.88,3.49,1.08
2016,134,17.39,22.72,9,5.81
2016,135,19.96,18.98,8.42,1.29
2016,136,14.97,10.61,3.7,1.13
2016,137,23.82,14.09,1.75,0
2016,138,24.19,15.56,3.12,0
2016,139,26.25,16.24,2.12,0
2016,140,27.66,17.95,1.84,0
2016,141,28.37,21.54,3.92,0
2016,142,19.23,20.07,6.3,2.01
2016,143,21.19,20.05,9.85,1.11
2016,144,26.79,23.89,8.45,0
2016,145,28.02,25.93,8.53,0
2016,146,28.59,28.24,9.59,0
2016,147,26.87,28.78,12.22,0
2016,148,17.56,29.81,16.17,4.01
2016,149,25.12,31.79,16.64,0
2016,150,14.82,30.2,19.15,14.62
2016,151,20.88,28.18,16.89,0
2016,152,24.67,26.54,12.45,0
2016,153,27.39,26.16,8.94,0
2016,154,21.78,24.25,12.32,1.45
2016,155,17.92,25.89,16.26,0
2016,156,19.05,27.49,11.76,4.51
2016,157,12.64,24.21,15.23,9.02
2016,158,17.96,24.5,14.9,0.7
2016,159,14.28,22.55,12.43,2.56
2016,160,13.37,15.48,9.07,1.62
2016,161,19.02,17.06,7.69,0
2016,162,26.07,20.6,6.21,0
2016,163,29.56,27.21,7.61,1.86
2016,164,14.77,20.79,13.76,0
2016,165,14.4,17.03,10.46,0
2016,166,26.57,20.33,5.79,0
2016,167,29.61,26.13,6.77,1.15
2016,168,26.87,27.06,11.06,0
2016,169,26.59,27.73,11.88,0
2016,170,27.83,29.4,11.8,0
2016,171,28.13,30.61,12.33,0
2016,172,26.04,31.51,15.42,1.27
2016,173,22.59,26.58,14.08,0
2016,174,22.16,23.69,11.91,0
2016,175,26.15,24.9,9.91,0
2016,176,29.49,27.08,7.56,0
2016,177,28.45,29.56,11.05,0
2016,178,26.2,31.34,15.08,1.08
2016,179,14.45,30.42,19.48,2.87
2016,180,19.71,28.17,17.48,0
2016,181,19.81,24.76,14.38,0
2016,182,26.09,26.25,11,0
2016,183,24.54,26.22,12.46,0
2016,184,21.79,24.73,13.18,0
2016,185,25.53,26.06,11.39,0
2016,186,27.41,28.42,11.41,0
2016,187,23.74,30.16,16.25,0
2016,188,24.73,31.94,16.7,0
2016,189,21.01,31.8,19.46,0
2016,190,20.18,29.92,18.25,1.36
2016,191,11.97,28.61,19.42,2.05
2016,192,11.33,23.71,15.62,2.21
2016,193,25.21,26.02,11.21,0
2016,194,26.85,30.62,13.04,0
2016,195,17.14,33.13,18.3,5.46
2016,196,16.13,31.45,21.87,0
2016,197,20.86,30.4,18.09,1.54
2016,198,22.14,27.42,14.59,1.05
2016,199,23.8,28.12,13.83,0
2016,200,15.57,27.99,15.87,14.31
2016,201,20.51,25.83,14.42,0
2016,202,25.09,26.87,11.58,0
2016,203,27.32,30.86,11.76,0
2016,204,25.07,32.86,16.07,0
2016,205,19.91,31.28,19.25,0
2016,206,24.54,30.79,14.98,0
2016,207,13.99,28.2,17.38,18.23
2016,208,17.13,27.68,18.12,0
2016,209,23.51,29.85,15.2,0
2016,210,21.69,29.74,16.54,0
2016,211,20.54,29.21,16.89,0
2016,212,11.92,24.44,15.67,5.66
2016,213,10.32,24.63,17.18,2.17
2016,214,15.03,27.01,18.72,1.61
2016,215,18.51,27.82,17.4,0
2016,216,19.65,28.16,17.02,0
2016,217,20.21,29.82,18.04,0
2016,218,14.42,30.93,19.42,6.15
2016,219,14.89,28.3,20.11,0
2016,220,21.15,27.67,15.4,0
2016,221,24.28,28.09,12.34,0
2016,222,18.59,30.48,12.41,24.33
2016,223,22.58,31.55,16.19,0.37
2016,224,18.15,32.42,20.9,0
2016,225,17.26,32.84,21.93,0
2016,226,11.39,32.62,22.93,23.03
2016,227,12.47,28.67,21.35,0
2016,228,12.06,25.59,18.87,0
2016,229,12.37,29.18,19.23,10.49
2016,230,15.8,27.61,18.38,0
2016,231,16.51,27.49,17.75,0
2016,232,20.67,28.95,15.5,0
2016,233,20.86,30.25,16.33,0
2016,234,8.15,25.46,19.57,25
2016,235,14.24,22.09,14.58,0
2016,236,22.1,25.61,10.93,0
2016,237,22.44,28.99,12.52,0
2016,238,15.03,29.63,15.81,9.97
2016,239,15.06,28.98,19.82,0
2016,240,19.14,28.66,15.94,0
2016,241,19.49,31.25,17.38,0
2016,242,15.63,27.38,17.7,0
2016,243,21.13,27.14,11.34,0
2016,244,13.67,25.59,13.32,10.76
2016,245,10.84,23.41,14.56,2.15
2016,246,17.24,22.75,11.62,0
2016,247,20.39,23.42,8.21,0
2016,248,20.77,25.71,8.93,0
2016,249,20.55,28.25,10.57,0
2016,250,19.97,29.04,11.71,0
2016,251,14.6,31.01,13.39,4.24
2016,252,13.09,31.49,16.81,12.68
2016,253,10.63,28.05,20.55,0
2016,254,11.29,30.31,18.55,5.01
2016,255,12.83,24.06,15.17,0
2016,256,17.82,23.84,9.54,0
2016,257,18.9,27.87,10.08,0
2016,258,14.14,23.8,12.99,0
2016,259,17.7,21.24,6.12,0
2016,260,18.48,23.87,6.18,0
2016,261,11.96,24.23,10.24,29.18
2016,262,8.65,25.76,16.32,11.04
2016,263,11.15,26.09,16.95,0
2016,264,15.17,28.49,14.12,0
2016,265,15.89,26.96,11.28,0
2016,266,16.02,28.36,11.77,0
2016,267,12.84,24.24,12.77,0
2016,268,13.79,18.86,6.74,0
2016,269,15.46,17.86,3.12,0
2016,270,15.87,20.45,4.19,1.5
2016,271,13.73,21.84,8.59,0
2016,272,14.58,22.55,7.47,0
2016,273,6.36,16.86,9.52,6.27
2016,274,3.98,15.56,11.15,3.57
2016,275,5.09,16.51,10.7,12.25
2016,276,6.76,19.96,11.83,3.47
2016,277,6.78,19.85,11.7,3.39
2016,278,8.95,18.91,10.98,0
2016,279,12.12,20.67,8.96,0
2016,280,13.29,22.91,8.86,0
2016,281,10.13,23.76,8.8,12.62
2016,282,7.35,18.95,9.93,5.92
2016,283,7.52,14.69,8.16,0
2016,284,10.62,12.3,2.59,0
2016,285,13.94,17.4,0.76,0
2016,286,13.89,20.45,2.66,0
2016,287,5.94,16.03,8.61,2.66
2016,288,11.78,13.81,1.36,0
2016,289,13.16,17.98,1.38,0
2016,290,9.5,22.95,6.19,11.47
2016,291,8.09,22.05,13.54,1.09
2016,292,6.63,25.79,15.65,6.17
2016,293,5.83,20.79,12.46,2.33
2016,294,5.16,15.95,9.02,71.07
2016,295,2.62,12.84,9.62,37.11
2016,296,2.74,7.86,4.67,6.34
2016,297,6.8,10.71,4.34,1.13
2016,298,4.28,9.42,5.6,1.05
2016,299,4.52,7.52,3.57,0
2016,300,3.71,5.63,1.4,3.27
2016,301,5.9,6.62,-0.55,8.64
2016,302,8.26,7.21,-0.4,0
2016,303,11.43,16.22,-0.57,0
2016,304,5.81,13.63,5.74,3.51
2016,305,7.62,8.62,0.98,0
2016,306,10.39,13.06,-0.9,0
2016,307,7.58,18.68,3.83,13.53
2016,308,3.21,15.22,10.69,11.19
2016,309,5.58,10.57,4.77,0
2016,310,8.6,13.03,2.56,0
2016,311,6.9,10.51,3.04,0
2016,312,9.84,13.56,-1.77,0
2016,313,7.42,18.01,-0.52,3.36
2016,314,7.26,11.55,2.59,1.02
2016,315,9.09,13.36,-0.63,0.8
2016,316,7.9,10.93,0.57,0
2016,317,7.71,7.98,-2.06,0
2016,318,8.84,13.22,-1.23,0
2016,319,8.83,14.74,-0.6,0
2016,320,8.29,12.83,-0.03,0
2016,321,7.39,11.91,1.43,1.51
2016,322,6.95,11.44,1.78,0
2016,323,8.58,18.4,0.47,0
2016,324,6.2,19.68,2.43,6.41
2016,325,3.01,4.68,-0.61,15.22
2016,326,1.69,-0.8,-3.57,13.66
2016,327,2.31,-0.41,-3.28,0
2016,328,3.66,1.54,-3.32,0
2016,329,4.43,3.52,-2.63,1.9
2016,330,2.78,6.79,1.57,2.29
2016,331,1.65,4.86,1.94,3.28
2016,332,2.75,4.72,0.97,0
2016,333,6.34,8.43,-1.75,1.06
2016,334,6.63,11.78,0.13,0
2016,335,3.63,12.69,5.16,14.77
2016,336,2.19,8.48,5.48,0
2016,337,2.33,5.74,2.67,1.05
2016,338,2.11,3.5,0.79,0.82
2016,339,3,3.7,-0.31,1.98
2016,340,4.07,4.46,-1.13,0
2016,341,4.04,4.08,-3.93,14.65
2016,342,4.97,4.89,-2.19,0
2016,343,2.9,1.67,-1.96,0.81
2016,344,1.9,-1.76,-3.97,1.2
2016,345,5.32,-2.61,-8.72,0.91
2016,346,4.66,-1.19,-8.74,6.62
2016,347,6.65,2.93,-5.64,0
2016,348,4.69,2.03,-3.12,1.05
2016,349,5.26,-1.36,-7.04,0
2016,350,3.35,-6.72,-11.19,7.68
2016,351,5.23,-6.5,-14.79,4.96
2016,352,6.15,2.85,-12.88,12.3
2016,353,6,3.44,-9.54,2.66
2016,354,7.92,-2.96,-14.22,0
2016,355,8.08,-1.6,-14.34,0
2016,356,5.86,0.81,-10.82,3.45
2016,357,5.94,1.74,-4.99,0
2016,358,6.32,3.9,-3.61,0
2016,359,6.32,5.18,-2.42,0
2016,360,3.58,3.21,-0.52,0
2016,361,6,6.97,-6.87,3.11
2016,362,4.62,6.87,-0.75,2.09
2016,363,4.16,1.39,-3.05,1.43
2016,364,5.04,2.2,-3.23,1.19
2016,365,3.18,0.63,-2.54,0.56
2017,1,6.57,3.87,-3.71,0
2017,2,6.86,3.02,-5.07,1.43
2017,3,4.66,4.18,-2.68,11.38
2017,4,3.48,4.39,0.57,0.91
2017,5,5.62,-2.58,-8.26,1.1
2017,6,5.97,-6.67,-12.67,0
2017,7,7.2,-6.63,-14.56,0
2017,8,4.76,-7.69,-14.07,3.85
2017,9,7.46,-6.48,-14.67,0
2017,10,6.58,1.72,-12.02,3.1
2017,11,8.77,8.14,-5.75,0.49
2017,12,5.47,11.33,2.98,8.39
2017,13,5.38,2.67,-2.35,0
2017,14,6.68,-1.59,-8.03,0
2017,15,6.78,-1.52,-8,0
2017,16,9.06,3.56,-8.44,0
2017,17,6.3,3.88,-5.53,17.24
2017,18,3.55,4.15,0.79,1.98
2017,19,1.92,3.05,1.4,0
2017,20,4.88,5.45,0.78,0.56
2017,21,7.88,11.46,1.66,0
2017,22,7.79,11.8,2.49,0
2017,23,3.91,7.44,2.56,13.51
2017,24,2.51,1.7,-1.17,3.71
2017,25,6.75,4.52,-1.91,0
2017,26,6.09,5.2,-0.33,0
2017,27,3.7,2.51,-0.56,0
2017,28,2.17,-0.17,-1.79,0
2017,29,3.29,-0.58,-3.17,0.54
2017,30,6.84,-3.47,-9.25,0
2017,31,11.03,-0.72,-12.53,1.12
2017,32,10.07,1.91,-7.05,1.47
2017,33,6.88,-0.44,-5.36,0
2017,34,6.67,-3.77,-8.4,0
2017,35,8.9,-2.65,-9.25,0
2017,36,10.51,0.4,-8.27,0
2017,37,9.38,1.08,-5.88,0
2017,38,9.21,9.04,-4.91,9.11
2017,39,7.05,7.23,-1.2,3.28
2017,40,7.92,-4.21,-9.36,1.62
2017,41,10.68,-2.42,-9.92,1.34
2017,42,9.49,3.42,-7.61,3.56
2017,43,6.12,2.65,-2.45,15.17
2017,44,4.47,-0.99,-3.49,0
2017,45,13.77,4.63,-8.41,1.04
2017,46,9.82,3.97,-6.2,5.42
2017,47,8.83,-1.83,-6.86,0.65
2017,48,12,0.67,-7.09,0
2017,49,15.01,13.69,-5.61,0
2017,50,14.31,14.52,0.97,0
2017,51,12.18,6.13,-2.14,0
2017,52,14.74,7.7,-4.83,0
2017,53,15.02,15.34,0.73,0
2017,54,13.48,19.47,4.24,0
2017,55,10.33,21.92,4.75,6.93
2017,56,10.06,18.58,4.49,11.24
2017,57,11.24,5.5,-3.23,0
2017,58,13.24,9.17,-2.73,0
2017,59,14.26,14.42,-0.53,0
2017,60,13.9,17.36,3.17,0.99
2017,61,13.71,6.82,-5.43,1.09
2017,62,12.54,-1.54,-10.02,1.8
2017,63,7.1,-7.14,-11.41,0
2017,64,17.26,-3.53,-18.17,0
2017,65,14.16,8.34,-14.66,4.42
2017,66,11.93,11.99,-1.01,15.79
2017,67,13.9,11.84,1.53,0
2017,68,9.46,6.97,0.12,0
2017,69,6.47,0.08,-4.23,1.01
2017,70,9.83,-6.58,-13.22,0
2017,71,9.28,-6.82,-12.92,0
2017,72,11.02,-4.72,-13.96,4.84
2017,73,8.57,-5.89,-12.43,20.25
2017,74,5.35,-6.02,-9.87,4.48
2017,75,13.45,-1.44,-9.08,0
2017,76,18.9,3.21,-9.48,0
2017,77,16.53,1.84,-8.17,1.85
2017,78,12.72,4.35,-2.75,0
2017,79,19.96,4.45,-8.76,0
2017,80,20.5,7.98,-5.96,0.28
2017,81,14.14,-1.07,-8.54,0
2017,82,21.12,0.8,-12.91,0
2017,83,17.49,8.46,-10.15,10.36
2017,84,6.68,4.87,0.56,8.54
2017,85,8.66,6.21,0.72,11.48
2017,86,18.63,12.28,2.28,1.95
2017,87,15.48,11.71,4.06,1.01
2017,88,18.91,8.97,-0.73,0
2017,89,14.41,6.45,-3.11,6.85
2017,90,10.91,5.13,-1.26,17.85
2017,91,8.59,4.25,0.81,0
2017,92,23.15,10.89,-1.96,0
2017,93,18.57,16.42,-0.6,9.62
2017,94,17.55,18.08,3.87,3.38
2017,95,16.32,11.81,4.74,0
2017,96,10.15,9.61,4.14,34.71
2017,97,5.84,3.26,0.1,3.74
2017,98,17.12,6.96,-0.89,0
2017,99,23.91,18.05,-1.17,0
2017,100,23.9,25.28,3,0
2017,101,15.92,24.29,10.12,3.14
2017,102,11.71,13.95,8.43,0
2017,103,17.91,10.52,1.58,0
2017,104,23.61,15.21,-0.64,0
2017,105,18.12,19.78,1.53,2.48
2017,106,16.25,25.08,10.64,3.35
2017,107,15.64,16.91,8.91,0
2017,108,22.81,13.85,-0.01,0
2017,109,15.76,12.75,1.13,6.73
2017,110,8.48,13.1,7.85,49.22
2017,111,13.92,16.76,7.2,6.03
2017,112,14.51,11.36,4.73,0
2017,113,25.8,17.25,-0.39,0
2017,114,25.54,19.17,1.62,0
2017,115,22.14,17.25,4.84,1.75
2017,116,21.68,21.91,9.44,0
2017,117,22.44,25.49,11.58,0.78
2017,118,21.11,23.36,11.22,0
2017,119,14.16,17.97,11.06,0
2017,120,23.74,18.05,4.11,0
2017,121,18.29,22.25,6.58,20.75
2017,122,10.78,16.67,9.61,4.2
2017,123,15.43,12.5,5.29,0.77
2017,124,16.77,12.28,0.8,11.52
2017,125,15.55,13.32,2.99,18.06
2017,126,10.26,12.87,6.63,10.42
2017,127,6.58,7.36,3.61,3.08
2017,128,15.41,8.43,1.56,0
2017,129,21.84,11.4,0.94,0
2017,130,23.39,11.69,0.45,0
2017,131,26.01,15.38,1.46,0
2017,132,25.11,17.53,4.19,1.04
2017,133,16.41,14.07,6.91,0.26
2017,134,16.13,15.77,5.84,6.06
2017,135,21.49,16.99,7.25,0
2017,136,26.54,19.64,5.41,0
2017,137,28.52,28.86,8.1,0
2017,138,18.84,30.94,15.56,10.92
2017,139,17.37,23.02,15.07,0
2017,140,23.57,19.69,8.09,0
2017,141,16.79,19.33,8.62,6.86
2017,142,20.32,19.86,10.41,1.59
2017,143,27.41,22.06,6.44,0
2017,144,26.67,23.35,8.59,0
2017,145,11.35,17.84,11.48,12.43
2017,146,7.9,16.46,12.28,2.21
2017,147,12.64,17.64,12.68,0
2017,148,19.43,23.02,10.09,2.01
2017,149,17.21,23.32,12.66,11.09
2017,150,14.69,21.33,13.04,12.14
2017,151,20.45,21.84,13.24,1.91
2017,152,23.78,20.13,9.65,0
2017,153,25.84,18.21,6.32,0
2017,154,26.46,19.23,6.69,0
2017,155,18.56,18.17,7.12,6.81
2017,156,18.18,21.45,10.28,12.41
2017,157,10.91,18.03,12.23,3.67
2017,158,24.41,19.45,8.3,0
2017,159,28.67,23.53,7.4,0
2017,160,27.75,24.88,9.56,0
2017,161,27.02,27.71,12.58,0
2017,162,24.98,30.64,16.9,0
2017,163,24.41,31.78,18.11,0
2017,164,15.04,28.81,18.92,5.52
2017,165,24.88,25.87,13.01,0
2017,166,19.85,25.31,11.09,19.16
2017,167,22.9,25.78,14.71,0
2017,168,23.16,28.18,16.65,0
2017,169,15.64,30.89,20.37,15.24
2017,170,9.9,25.05,19.34,7.1
2017,171,14.32,23.74,15.39,3.73
2017,172,22.17,23.21,13.19,0
2017,173,27.24,26.29,11.71,0
2017,174,17.1,26.14,15.44,9.78
2017,175,20.18,25.34,16.29,0
2017,176,16.84,22.99,12.7,3.92
2017,177,22.79,21.91,11.41,1.73
2017,178,15.01,19.41,10.82,7.26
2017,179,25.19,22.69,10.42,0
2017,180,24.65,25.52,13.12,0
2017,181,14.88,26.87,17.46,21.32
2017,182,11.96,26.04,18.83,29.82
2017,183,21.86,26.74,16.21,0
2017,184,20,24.76,15.67,0
2017,185,25.47,25.52,12.47,0
2017,186,27.81,27.85,11.48,0
2017,187,24.09,27.21,14.62,0
2017,188,12.56,27,19.13,4.22
2017,189,16.87,24.92,17.35,0
2017,190,25.68,25.29,11.95,0
2017,191,16.99,25.96,14.99,4.3
2017,192,21.42,27.39,17.11,0
2017,193,15.47,28.01,18.19,20.71
2017,194,8.74,24.02,19.13,34.51
2017,195,15.19,26.9,17.61,12.78
2017,196,17.61,24.16,16.72,0
2017,197,23.16,26.2,15.24,0
2017,198,16.73,27.1,16.56,9.06
2017,199,24.04,28.26,16.09,0
2017,200,25.25,29.38,15.49,0
2017,201,16.45,28.14,17.25,5.86
2017,202,20.77,28.62,18.42,0
2017,203,18.67,25.58,17.15,0
2017,204,14.19,25.79,17.2,8.85
2017,205,12.69,25.33,17.86,22.25
2017,206,7.24,19.14,15.36,2.13
2017,207,12.37,21.87,15.04,2.17
2017,208,13.82,24.08,16.07,4
2017,209,17.58,23.35,15.92,0
2017,210,24.85,23.65,11.24,0
2017,211,26.88,26.04,10.11,0
2017,212,25.72,28.21,12.98,0
2017,213,23.96,28.92,15.45,0
2017,214,17.05,29.4,16.81,5.31
2017,215,22.36,29.16,16.94,0
2017,216,15.79,29.09,18.01,13.59
2017,217,15.72,22.41,15.51,0
2017,218,23.6,23.02,10.7,0
2017,219,22.48,23.41,11.83,1.52
2017,220,20.4,23.63,13.63,0.9
2017,221,23.31,26,12.96,0
2017,222,23.02,27.01,13.85,0
2017,223,20.22,25.45,14.95,0
2017,224,17.75,26.39,17.29,0
2017,225,19.1,25.39,15.44,0
2017,226,21.77,26.09,13.57,0
2017,227,16.1,27.64,14.91,7.26
2017,228,19.15,24.98,14.62,0
2017,229,23.32,26.05,11.11,1.58
2017,230,23.26,29.06,13.08,0
2017,231,16.99,26.61,17.26,0.79
2017,232,19.26,26.95,15.7,0
2017,233,20.72,28.45,15.24,0
2017,234,15.03,30.04,16.89,16.55
2017,235,19.35,24.73,13.05,0
2017,236,17.3,21.06,11.21,0
2017,237,17.5,20.39,10.29,0
2017,238,21.08,21.49,7.6,0
2017,239,21.84,22.66,7.1,0
2017,240,20.73,22.36,8.07,0
2017,241,16.59,21.07,10.96,0
2017,242,20.19,23.11,9.18,1.72
2017,243,12.44,20.52,10.33,2.37
2017,244,18.49,16.93,5.35,0
2017,245,15.94,19.8,4.15,4.08
2017,246,13.97,19.5,7.05,5.92
2017,247,13.14,24.35,12.1,12.6
2017,248,8.3,20.39,13.64,10.85
2017,249,7.09,17.86,12.3,7.27
2017,250,13.63,19.15,10.73,1.88
2017,251,9.77,17.59,9.7,2.44
2017,252,13.27,16.05,8.12,0
2017,253,17.13,17.58,6.21,0
2017,254,20.05,21.48,4.97,0
2017,255,20.13,24.3,6.19,0
2017,256,14.32,25.88,8.98,6.97
2017,257,11.41,23.44,12.17,21.14
2017,258,15.51,25.25,13.22,0
2017,259,16.32,26.46,13.09,0
2017,260,16.07,27.29,13.92,0
2017,261,15.23,27.96,15.24,0
2017,262,14.12,26.89,15.44,0
2017,263,15.74,26.17,12.65,0
2017,264,15.06,26.13,13.31,0
2017,265,14.1,25.19,13.48,0
2017,266,16.51,27.9,11.6,0
2017,267,16.3,30.24,13.09,0
2017,268,15.02,30.83,15.55,0
2017,269,14.43,31.14,16.47,0
2017,270,14.05,31.46,17.04,0
2017,271,7.64,19.33,13.27,0
2017,272,8.56,16.27,7.04,3.08
2017,273,9.03,13.98,7,0
2017,274,14.98,16.42,2.27,0
2017,275,15.81,19.7,2.82,0
2017,276,16.14,22.69,3.26,0
2017,277,11.13,27.02,9.41,2.18
2017,278,12.06,23.82,11.6,0.25
2017,279,10.09,20.72,11.03,1.45
2017,280,8.62,24.79,12.54,6.23
2017,281,5.69,24.38,16.71,11.98
2017,282,5.75,23.1,15.36,5.6
2017,283,8.2,23.13,14.76,0
2017,284,4.37,17.48,12.01,11.57
2017,285,7.28,16.42,9.65,0
2017,286,7.7,16.76,9.61,0
2017,287,9.19,20.06,10.94,0
2017,288,7.74,24.58,13.23,8.49
2017,289,8.11,12.84,5.26,1.61
2017,290,12.42,14.56,0.26,0
2017,291,13.21,20.1,1.56,0
2017,292,11.75,22.24,7.22,0
2017,293,11.64,19.74,4.98,0
2017,294,12.18,21.87,4.43,0
2017,295,11.6,22.7,6.23,0
2017,296,6.32,21.54,11.53,6.07
2017,297,4.94,20.34,12.94,4.17
2017,298,7.28,15.04,7.17,0
2017,299,7.26,11.46,3.81,0
2017,300,10.58,15.37,1.68,0
2017,301,7.65,18.72,4.83,19.23
2017,302,3.3,10.61,5.94,74.11
2017,303,3.32,9.54,4.82,6.14
2017,304,2.46,8,4.66,8.73
2017,305,6.11,9.65,0.29,22.23
2017,306,7.27,16.31,3.08,7.05
2017,307,4.12,14.88,8.9,2.53
2017,308,6.59,10.97,0.24,6.15
2017,309,6.71,13.92,2.21,7.95
2017,310,6.06,13.87,7.02,1.51
2017,311,4.9,6.09,0.88,0
2017,312,8.85,6.65,-5.01,0
2017,313,9.01,8.51,-4.2,1.41
2017,314,4.89,-0.92,-6.34,0
2017,315,6.33,-1.16,-8.6,0
2017,316,9.05,3.95,-7.31,0.83
2017,317,6.74,5.94,-2.73,0.43
2017,318,3.58,4.72,0.53,0
2017,319,6.73,6.65,-2.24,0
2017,320,6.6,7.7,-1.01,1.6
2017,321,5.13,4.57,-1.59,0
2017,322,5.35,7.61,-2.13,10.22
2017,323,4.22,5.59,0.68,1.76
2017,324,5.12,3.67,-2.22,0
2017,325,5.95,10.73,-1.68,3.07
2017,326,4.71,5.26,-0.16,1.8
2017,327,4.38,2.04,-2.91,0
2017,328,7.38,8.87,-2.05,0
2017,329,6.82,11.34,1.5,0.82
2017,330,4.56,5.54,0.13,0
2017,331,4.27,3.6,-1.31,0
2017,332,7.92,11.17,-4.86,0
2017,333,6.97,10.79,-0.33,0
2017,334,7.35,8.91,-4.3,0.96
2017,335,5.82,6.78,-1.57,0
2017,336,6.21,5.76,-3.46,0
2017,337,6.21,8.19,-1.39,0
2017,338,6.94,9.34,-3.06,0
2017,339,6.66,10.41,-1.18,1.75
2017,340,4.44,5.17,-1,0
2017,341,2.68,2.03,-1.47,0.5
2017,342,3.02,0.12,-3.76,0
2017,343,4.41,0.12,-5.7,0
2017,344,4.24,0.09,-5.51,0.56
2017,345,2.33,-0.85,-3.72,1.52
2017,346,4.64,0.56,-5.59,1.23
2017,347,5.46,-5.44,-11.91,1.6
2017,348,3.47,-8,-11.82,0.33
2017,349,7.08,-5.27,-15.16,0
2017,350,6.55,-3.62,-12.25,0.79
2017,351,6.95,-0.95,-10.84,0
2017,352,7.63,4.07,-9.17,0.51
2017,353,5.6,8.7,1.18,0
2017,354,3.18,3.56,-0.66,0
2017,355,2.78,-0.6,-5.41,3.59
2017,356,3.82,1.72,-5.49,7.71
2017,357,3.41,3.67,-2.62,10.42
2017,358,3.41,1.45,-2.89,1.49
2017,359,2.64,-0.85,-4.04,1.36
2017,360,4.04,-7.12,-12.09,0
2017,361,4.54,-9.42,-15.1,0
2017,362,5.05,-12.08,-17.52,1.09
2017,363,6.14,-10.54,-17.48,1.05
2017,364,7.19,-7.93,-16.91,1.47
2017,365,5.76,-12.57,-18.65,1.17
2018,1,5.4,-10.98,-18.58,1.08
2018,2,6.2,-7.59,-16.76,0
2018,3,6.82,-5.17,-15.77,0
2018,4,5.91,-6.39,-14.82,0.94
2018,5,3.53,-13.94,-18.48,0
2018,6,2.22,-16.09,-18.75,0
2018,7,8.13,-5.67,-20.12,0
2018,8,8.65,1.72,-16.71,0
2018,9,3.54,1.27,-3.27,0
2018,10,7.04,4.08,-6.45,0
2018,11,6.2,11.16,-4.27,22.79
2018,12,5.06,14.79,2.46,33.56
2018,13,5.3,-4.3,-11.9,0
2018,14,6.42,-10.57,-20.22,0
2018,15,6.63,-6.94,-21.88,2.53
2018,16,6.51,-3.34,-17.07,2.07
2018,17,4.9,-5.27,-11.07,0
2018,18,8.53,-5.6,-17.91,0
2018,19,9.55,0.99,-16.03,0
2018,20,9.1,6.24,-8.04,0
2018,21,8.46,6.31,-5.47,0.32
2018,22,8.05,7.26,-3.36,1.44
2018,23,6.67,9.68,1.57,1.19
2018,24,3.61,-1,-5.29,0
2018,25,4.7,-4.21,-9.8,0
2018,26,8.48,2.15,-10.5,0
2018,27,7.69,8.17,-7.81,4.47
2018,28,7.66,8.14,-0.66,0
2018,29,7.66,3.27,-5.17,1.76
2018,30,4.02,-4.13,-8.02,1.85
2018,31,10.37,-2.09,-15.41,0
2018,32,8.49,5.81,-12.13,2.29
2018,33,5.65,-5.18,-10.66,0
2018,34,9.72,-2.86,-13.73,0
2018,35,8.58,0.17,-8.81,1.19
2018,36,7.5,-3.33,-10.79,0.73
2018,37,8.65,-3.81,-12.42,0
2018,38,6.26,-3.65,-11.42,9.7
2018,39,6.38,-4.23,-9.81,0
2018,40,8.85,-0.7,-13.82,2.44
2018,41,12.08,3.37,-10.02,1.66
2018,42,11.48,7.38,-4.52,1.58
2018,43,7.47,1.36,-4.92,0
2018,44,10.59,0.36,-9.2,0
2018,45,13.38,7.51,-7.82,0
2018,46,9.63,13.88,-0.21,5.64
2018,47,6.37,7.28,2.19,0
2018,48,10.85,1.4,-7.69,0.9
2018,49,11.02,2.33,-6.58,0
2018,50,9.68,8.18,-3.41,6.73
2018,51,14.16,17.79,2.39,0
2018,52,12.68,20.47,8.34,0.87
2018,53,5.95,4.87,-0.81,6.76
2018,54,7.2,5.6,-1.45,2.17
2018,55,5.06,5.79,0.56,7.21
2018,56,10.19,9.13,0.75,0
2018,57,10.2,8.69,0.67,0
2018,58,14.37,11.89,-3.48,0
2018,59,14.71,14.67,-2.06,1.53
2018,60,6.33,6.95,0.63,16.63
2018,61,3.06,0.55,-2.09,8.68
2018,62,4.36,-0.06,-2.73,0
2018,63,5.62,-0.05,-3.53,0
2018,64,9.55,-0.98,-7,0
2018,65,12.63,3.72,-4.91,1.32
2018,66,9.5,2.18,-3.64,1.27
2018,67,6.14,0.86,-2.63,1.2
2018,68,10.74,1.45,-4.94,1.87
2018,69,7.43,0.1,-4.02,0
2018,70,8.57,0.05,-4.56,0
2018,71,12.41,1.34,-7.9,2.34
2018,72,9.95,0.05,-6.34,3.55
2018,73,5.22,-1.04,-4.05,4.6
2018,74,15.17,2.17,-5.15,0.32
2018,75,10.04,-1.38,-5.56,0
2018,76,18.88,1.44,-8.24,0
2018,77,21.79,2.6,-13.28,0
2018,78,20.77,-0.44,-12.45,0
2018,79,21.99,1.8,-13.02,0
2018,80,21.64,2.24,-11.04,0
2018,81,18.39,3.52,-5.19,0
2018,82,16.2,3.4,-3.55,0
2018,83,15.32,1.46,-4.87,0
2018,84,22.66,4.74,-8.75,0
2018,85,23.2,7.96,-7.12,0
2018,86,14.81,5.79,-3.71,10
2018,87,12.46,6.81,1.12,0
2018,88,12.19,10.67,2.74,19.36
2018,89,8.59,7.27,2.51,4.66
2018,90,21.74,10,-4.28,1.16
2018,91,19.08,6.38,-3.29,0
2018,92,19.69,6.79,-3.56,0
2018,93,15.47,8.76,-2.95,3.01
2018,94,18.89,10.52,0.73,1.86
2018,95,16.99,2.73,-5.12,1.26
2018,96,23.5,5.37,-6.23,1.4
2018,97,15.72,2.02,-4.2,0
2018,98,17.71,0.61,-6.49,0
2018,99,21.89,3.25,-6.53,0
2018,100,21.44,4.34,-5.17,0.79
2018,101,20.92,7.1,-3.86,0
2018,102,17.93,13.87,-2.69,2.26
2018,103,22.15,13.44,0.33,0
2018,104,9.06,6.4,2.44,0.94
2018,105,13.47,5.15,-0.88,1.12
2018,106,12.36,7.64,0.01,20.49
2018,107,6.9,3.61,-0.13,2.22
2018,108,12.84,4.01,-1.21,0.72
2018,109,9.27,2.96,-0.55,1.27
2018,110,18.24,5.26,-2.19,0
2018,111,25.16,10.88,-3.2,0
2018,112,26.16,14.75,-2.37,0
2018,113,26.84,19.74,-1.6,0
2018,114,26.3,20.39,1.8,1.7
2018,115,11.41,15.01,8.47,5.96
2018,116,20.49,13.93,4.52,0.63
2018,117,18.3,15.39,2.18,9.09
2018,118,16.21,14.1,3.76,9.14
2018,119,13.98,8.42,0.31,3.77
2018,120,24.82,13.95,0.82,0
2018,121,27.99,24.15,0.82,0
2018,122,27.76,28.86,4.72,0.42
2018,123,16.12,26.78,14.65,5.62
2018,124,16.83,27.26,14.18,6.63
2018,125,26.75,24.32,6,0
2018,126,15.81,20.62,9.62,2.24
2018,127,20.47,18.06,7.73,0
2018,128,27.89,22.97,2.72,0
2018,129,27.46,26.56,6.39,0
2018,130,14.19,23.83,13.57,2.29
2018,131,17.74,14.22,5.57,0
2018,132,9.82,11.9,5.99,2.06
2018,133,21.31,15.5,4.95,0
2018,134,25.43,22.66,7.56,0.44
2018,135,16.53,22.97,10.82,10.88
2018,136,23.07,21.8,8.9,0
2018,137,23.64,24.83,10.84,0
2018,138,17.93,22.87,8.64,7.37
2018,139,13.91,18.64,8.83,8.73
2018,140,16.39,18.08,9.62,1.4
2018,141,23.9,22.06,8.01,0
2018,142,15.5,21.48,10.25,9.9
2018,143,20.73,23.97,12.73,0
2018,144,27.15,26.19,8.67,0
2018,145,26.04,27.9,11.24,0
2018,146,24.62,28.18,12.93,0
2018,147,12.7,22.56,16.1,1.08
2018,148,20.09,27.69,16.38,0
2018,149,22.05,28.95,15.95,0
2018,150,24.61,30.02,14.64,0
2018,151,17.68,27.32,17.83,0
2018,152,13.78,28.79,18.99,10.17
2018,153,15.11,21.17,14.05,0
2018,154,14.07,20.71,11.79,3.89
2018,155,17.58,20.36,12.33,1.72
2018,156,16.06,17.65,10.63,0.58
2018,157,15.91,16.52,9.71,0
2018,158,25.69,21.5,8.7,0
2018,159,25.11,23.9,11.53,0
2018,160,27.55,23.87,9.15,0
2018,161,23.67,23.26,11.86,0
2018,162,26.87,24.14,9.8,0
2018,163,27.65,26.2,10.55,0
2018,164,23.55,27.5,15.44,1.69
2018,165,19.48,24.01,14.94,0
2018,166,26.04,23.82,10.42,0
2018,167,29.28,27.03,9.2,0
2018,168,28.71,30.47,12.52,0
2018,169,18.29,32.49,18.25,3.4
2018,170,17.87,24.31,15.84,0
2018,171,23.65,22.81,11.13,0
2018,172,24.63,22.74,10.32,0
2018,173,21.24,23.98,7.32,3.12
2018,174,16.64,23,12.19,2.69
2018,175,9.81,21.67,15.96,7
2018,176,19.75,21.51,12.69,0
2018,177,29.42,24.85,7.25,0
2018,178,16.37,21.47,11.21,14.67
2018,179,16.64,24.17,16.61,0
2018,180,23.21,28.23,16.56,0
2018,181,26.46,32.08,16.74,0
2018,182,24.91,33.63,19.27,0
2018,183,16.45,34.3,21.59,6.29
2018,184,20.13,30.94,20.33,0
2018,185,26.5,32.16,16.03,0
2018,186,15.25,31.53,20.21,13.41
2018,187,12.33,25.11,19.13,0
2018,188,26.71,24.29,9.09,0
2018,189,26.93,27.41,11.25,0
2018,190,27.43,30.38,12.78,0
2018,191,23.42,29.85,16.36,0
2018,192,22.39,26.14,14.03,0
2018,193,26.84,27.02,10.71,0
2018,194,26.56,29.55,12.84,0
2018,195,24.12,31.22,16.47,0
2018,196,21.4,31.23,18.68,0
2018,197,17.21,33.26,18.86,12.59
2018,198,16.88,28.5,19.46,1.34
2018,199,18.88,23.98,14.34,0
2018,200,26.79,25.86,9.32,0
2018,201,26.53,28.9,11.82,0
2018,202,13.69,26.32,16.46,9.21
2018,203,15.14,27.15,15.97,5.01
2018,204,11.77,27.18,18.84,20.38
2018,205,5.17,25.01,21.57,38.27
2018,206,5.24,24.26,20.84,26.69
2018,207,13.6,27.88,18.19,2.6
2018,208,17.41,27.22,18.06,0
2018,209,17.67,25.71,16.49,0
2018,210,19.11,25.28,15.19,0
2018,211,20.13,25.1,14.4,0
2018,212,18.77,25.71,15.91,0
2018,213,16.59,27.19,18.57,0.84
2018,214,15.82,27.5,19.31,0
2018,215,11.73,25.4,19.71,0
2018,216,19.83,28.49,17.73,0
2018,217,22.47,30.78,16.98,0
2018,218,21.35,31.96,18.92,0
2018,219,11.86,28.2,19.95,7.28
2018,220,10.56,26.37,19.44,9.84
2018,221,15.59,26.76,19.05,0
2018,222,17.19,26,17.47,0
2018,223,15.19,25.83,15.32,2.79
2018,224,15.33,26.49,15.79,3.96
2018,225,11.17,24.07,17.25,32.52
2018,226,6.21,22.18,18.67,10.15
2018,227,20.25,27.63,17.17,0
2018,228,15.85,29.6,17.71,12.91
2018,229,14.36,28.93,18.79,8.69
2018,230,8.8,23.06,17.98,2.98
2018,231,16.87,23.58,16.03,0
2018,232,18.31,24.58,16.01,0
2018,233,10.51,22.98,16.98,2.18
2018,234,9.03,23.33,18.24,5.96
2018,235,22.58,23.76,11.07,0
2018,236,22.63,26,12.1,0
2018,237,21.49,26.21,13.53,0.68
2018,238,18.2,27.25,17.44,0
2018,239,18.54,28.23,17.81,0
2018,240,19.26,31.23,19.21,0
2018,241,12.87,31.74,21.48,21.95
2018,242,14.74,24.53,17.09,0
2018,243,18.9,23.04,12.6,0
2018,244,17.64,24.76,14.99,0
2018,245,16.01,28.68,19.41,0
2018,246,15.96,30.81,21.1,1.76
2018,247,15.74,29.13,19.9,0
2018,248,17.97,32.21,19.99,0
2018,249,12.8,27.47,20.4,0
2018,250,15.06,23.64,15.38,0
2018,251,10.78,17.86,12.57,0
2018,252,9.76,14.95,8.55,5.17
2018,253,10.06,15.28,8.63,34.26
2018,254,17.69,20.25,9.85,0
2018,255,14.5,22.81,14.69,0
2018,256,15.92,26.32,16.25,0
2018,257,14.88,27.22,17.83,0
2018,258,15.22,28.08,18.13,0
2018,259,16.88,29.48,17,0
2018,260,10.75,25.8,16.57,11.2
2018,261,13.12,26.1,17.73,0
2018,262,11.74,22.45,15.43,0
2018,263,17.24,21.94,9.25,0
2018,264,12.84,25.18,11.33,5.85
2018,265,11.31,18.37,11.51,0
2018,266,16.65,18.2,6.09,0
2018,267,12.9,19.92,6.14,20.55
2018,268,12.11,20.75,8.24,2.9
2018,269,11.02,22.39,11.39,9.25
2018,270,10.49,17.73,7.96,4.21
2018,271,14.81,20.01,8.81,0
2018,272,12.54,18.31,9.58,0
2018,273,12.36,14.59,6.2,0
2018,274,9.82,15.11,8.72,0
2018,275,8.67,19.81,11.56,17.86
2018,276,10.03,18.27,11.41,0
2018,277,9.25,20.28,10.94,10.98
2018,278,14.43,17.24,5.26,0
2018,279,11.53,21.96,5.92,6.17
2018,280,9.12,20.21,13.4,0
2018,281,13.14,23.86,11.61,0
2018,282,13.29,27.39,13.47,0
2018,283,7.26,26.86,18.08,3.91
2018,284,5.31,23.14,17.26,20.63
2018,285,4.91,12.53,7.62,3.42
2018,286,6.42,9.66,4.95,0.87
2018,287,11.46,13.5,3.6,0.73
2018,288,12.29,16.19,4.44,0.96
2018,289,10.96,12.12,2.58,0
2018,290,6.49,9.79,2.81,2.58
2018,291,9.18,7.34,-0.17,0
2018,292,12.94,14.44,-0.49,0
2018,293,8.2,13.77,3.08,4.42
2018,294,7.04,6.76,1.02,0
2018,295,8.46,8.55,1.25,0
2018,296,6.91,11.01,2.63,7.41
2018,297,3.41,6.09,2.48,3.55
2018,298,4.87,4.79,0.98,0
2018,299,5.64,6.66,0.42,3.85
2018,300,2.8,4.81,1.96,25.09
2018,301,3.62,6.29,2.52,6.68
2018,302,3.78,7.05,3.09,2.65
2018,303,9.04,9.34,1.09,0.94
2018,304,8.27,15.18,0.78,4.98
2018,305,4.35,12.1,7.01,10.93
2018,306,5.47,13.82,6.94,2.14
2018,307,3.34,7.92,4.15,2.15
2018,308,8.27,8.04,0.15,0
2018,309,8.35,9.95,1.85,1.8
2018,310,6.19,14.87,6.26,5.27
2018,311,7.15,13.86,6.95,0
2018,312,6.22,7.95,2.45,0
2018,313,5.7,5.5,-1.67,10.29
2018,314,4.86,3.2,-0.93,0
2018,315,6.13,3.08,-2.43,0
2018,316,6.16,6.37,-2.55,7.34
2018,317,6.45,4.3,-1.82,1.83
2018,318,5.07,-1.1,-5.56,0.78
2018,319,5.45,-1.54,-7.46,32.48
2018,320,6.3,1.64,-5.92,4.05
2018,321,7.11,3.2,-2.84,0
2018,322,4.2,2.09,-2.34,3.55
2018,323,6.17,3.27,-1.69,0
2018,324,4.61,2.48,-1.1,0
2018,325,6.47,1.21,-4.11,1.23
2018,326,7.6,-6.48,-13.04,0
2018,327,9.85,-2.84,-17.96,0
2018,328,7.25,3.36,-12.8,3.61
2018,329,7.71,6.07,-2.1,0
2018,330,4.47,6.02,0.21,13.55
2018,331,1.92,2.58,0.35,6.6
2018,332,1.92,0.39,-1.85,5.79
2018,333,2.71,0.91,-1.46,0
2018,334,2.96,1.34,-1.2,0.76
2018,335,4.03,4.02,-1.04,7.79
2018,336,7.71,9.75,0.23,0.79
2018,337,3.99,7.33,3.54,1.96
2018,338,4.48,-0.64,-4.77,0
2018,339,7.38,-1.62,-9.97,0.53
2018,340,7.66,1.07,-8.33,0.94
2018,341,3.79,-2,-5.47,0.45
2018,342,6.82,-2.02,-9.45,0.3
2018,343,7.93,0.33,-10.69,0
2018,344,7.24,-0.29,-9.14,0
2018,345,2.72,-0.68,-3.25,1.03
2018,346,3.4,0.05,-3.19,0.59
2018,347,5.56,2.72,-3.1,0
2018,348,6.61,7.09,-0.86,0
2018,349,3.89,5.62,1.21,0
2018,350,2.38,3.07,-0.38,2.23
2018,351,3.19,2.74,-0.7,0.82
2018,352,2.86,-2.73,-5.71,0
2018,353,6.94,2.87,-8.82,0
2018,354,5.98,9.88,-6.75,9.78
2018,355,5.8,16.07,-0.2,21.92
2018,356,4.4,3.27,-1.53,0
2018,357,2.21,0.5,-2.45,4.07
2018,358,3.79,1.67,-2.05,1.95
2018,359,4.02,0.53,-3.36,0
2018,360,5.17,0.92,-4.28,0
2018,361,5.67,4.54,-6.22,3.58
2018,362,7.92,9.61,-4.58,0.92
2018,363,4.4,5.63,0.96,0.94
2018,364,6.27,2,-5.35,0
2018,365,5.28,8.46,-4.52,8.85
2019,1,5.98,7.96,-2.01,0
2019,2,5.46,3.31,-5.04,0.66
2019,3,4.49,1.88,-4.5,0
2019,4,5.61,6.6,-2.05,0
2019,5,5.27,6.11,-1.72,0.07
2019,6,3.97,3.32,-2.11,1.69
2019,7,7.72,1.33,-10.54,0.86
2019,8,6.12,4.82,-8.73,11.15
2019,9,2.5,2.63,-1.24,3.45
2019,10,2.34,-3.31,-6.79,2.94
2019,11,3.54,-8.01,-11.91,0
2019,12,7.03,-6.2,-14.99,0
2019,13,7.65,-5.17,-15.14,0
2019,14,8.46,-4.28,-16.36,0
2019,15,8.23,-1.96,-13.13,0
2019,16,6.07,0.63,-6.27,0
2019,17,8.83,-2.18,-14.6,1.81
2019,18,8.91,-0.46,-12.79,1.79
2019,19,3.58,-4.47,-9.35,18.63
2019,20,2.44,-9.45,-12.56,4.83
2019,21,7.61,-12.43,-20.56,0
2019,22,10.11,-5.55,-19.99,1.38
2019,23,7.89,4.3,-13.36,3.45
2019,24,6.12,5.65,-3.36,7.82
2019,25,4.32,-1.22,-5.23,0
2019,26,8.61,-3.48,-12.49,0
2019,27,9.22,-1.38,-11.31,0
2019,28,10.53,-3.04,-15.81,0
2019,29,10.61,-2.36,-14.9,1.66
2019,30,8.84,-8.9,-17.39,0.07
2019,31,9.07,-11.83,-20.38,0
2019,32,10.89,-8.88,-20.72,0
2019,33,12.37,0.81,-19.81,0
2019,34,12.34,8.26,-11.79,0
2019,35,10.77,14.37,1.42,0.63
2019,36,7.51,11.44,4.12,0
2019,37,6.95,5.56,-3.52,8.61
2019,38,8.25,9.28,-2.7,3.28
2019,39,9.42,7.52,-1.56,0
2019,40,7.6,-1.98,-8.61,0
2019,41,8.67,-2.13,-9.83,0
2019,42,8.42,-1.06,-8.36,0
2019,43,5.99,0.11,-6.51,13.92
2019,44,7.19,0.04,-5.61,0.8
2019,45,10.54,3.55,-5.37,0
2019,46,12.1,7.46,-3.7,0
2019,47,6.38,-0.48,-5.12,0
2019,48,8.01,-1.83,-10.05,3.22
2019,49,7.87,-3.75,-9.29,1.27
2019,50,9.99,-5.04,-12.31,0
2019,51,11.2,0.77,-13.74,2.97
2019,52,13.9,4.02,-7.79,0
2019,53,7.11,1.28,-3.36,0
2019,54,13.17,3.12,-6.7,0
2019,55,11.03,7.22,-5.07,4.46
2019,56,6.66,-0.97,-5.12,0
2019,57,5.06,-6,-8.91,0.6
2019,58,6.56,-6.92,-11.99,8.44
2019,59,11.14,-6.04,-12.52,0
2019,60,16.67,0.42,-11.99,0
2019,61,15.15,2.59,-7.41,1.53
2019,62,6.26,0.38,-4.12,3.36
2019,63,8.09,-3.61,-7.64,0.31
2019,64,17.3,-5.91,-16.47,0
2019,65,13.59,-7.77,-14.51,0
2019,66,17.4,-6.14,-16.1,0
2019,67,20.26,0.24,-16.97,0
2019,68,15.54,4.51,-15.8,4.52
2019,69,15.07,5.43,-9.62,2.7
2019,70,8.13,3.82,0.01,0
2019,71,11.18,1.77,-3.48,0
2019,72,19.95,5.78,-7.12,0
2019,73,21.45,13.99,-4.84,0
2019,74,17.81,15.56,4.72,1.01
2019,75,12.08,5.24,-0.62,0
2019,76,12.4,0.9,-4.87,0
2019,77,16.85,1.95,-6.58,0.36
2019,78,19.84,4.82,-6.45,0
2019,79,22.04,10.13,-5.2,0
2019,80,14.67,9.63,-1.65,6.55
2019,81,7.36,5.15,0.74,2.89
2019,82,17.59,2.95,-5.56,0
2019,83,22.16,7.41,-6.01,0
2019,84,18.09,4.95,-3.92,0
2019,85,20.42,3.29,-7.17,0
2019,86,23.95,8.17,-7.79,0
2019,87,24.54,13.23,-5.2,0
2019,88,12.58,10.84,2.38,2.22
2019,89,16.26,16.89,3.62,3.89
2019,90,11.69,7.64,0.14,2.05
2019,91,17.12,3.08,-5.04,0
2019,92,23.53,8.21,-5.81,0
2019,93,22.51,10.26,-2.7,0
2019,94,19.4,6.31,-3.52,0
2019,95,12.08,4.62,-3.02,8.68
2019,96,22.6,12.3,-0.43,0
2019,97,18.31,17.99,2.42,5.01
2019,98,24.92,19.98,3.97,1.52
2019,99,22.69,18.38,5.74,0
2019,100,17.92,8.23,-0.24,0
2019,101,18.91,7.14,-1.91,0
2019,102,26.22,17.39,0.33,1.1
2019,103,23.04,20.25,7.44,0
2019,104,17.21,16.69,4.15,18.35
2019,105,9.32,10,4.48,2.74
2019,106,18.84,9.87,-0.38,0.73
2019,107,23.27,14.87,-0.51,1.45
2019,108,23.56,18.37,2.19,0
2019,109,14.84,21.15,9.3,32.87
2019,110,16.86,19.47,5,5.41
2019,111,16.43,14.15,5.45,0
2019,112,15.75,14.43,6.21,0
2019,113,24.23,21.35,4.69,0.87
2019,114,17.17,14.06,5.03,0
2019,115,18.3,16.89,0.75,4.93
2019,116,17.59,17.9,3.19,6.55
2019,117,13.06,8.8,2.63,1.09
2019,118,11.03,7.73,0.8,2.11
2019,119,17.19,9.5,-2.93,3.99
2019,120,14.32,10.37,0.88,2.91
2019,121,15.2,16.06,5.42,4.19
2019,122,13.35,15.96,7.17,3.78
2019,123,16.48,19.26,7.34,2.24
2019,124,15.45,15.04,7.8,0
2019,125,11.41,14.25,7.22,8.36
2019,126,22.62,20.3,8.13,0
2019,127,10.99,15.83,9.25,5.03
2019,128,21.73,14.01,3.69,0
2019,129,19.21,18.22,4.03,9.73
2019,130,18.11,22.02,8.82,11.81
2019,131,15.6,15.4,5.59,2.17
2019,132,5.76,8.86,5.92,11.52
2019,133,5.33,7.34,4.77,14.75
2019,134,6.43,7.86,4.75,4.79
2019,135,25.69,16.84,4.17,1.36
2019,136,25.43,18.58,5.97,0.95
2019,137,24.36,20.06,8.42,0
2019,138,27.59,19.86,4.92,1.77
2019,139,21.49,27.73,8.07,4.4
2019,140,21.87,25.08,14.74,0.21
2019,141,25.01,17.88,6.06,0
2019,142,28.01,19.71,4.23,0.75
2019,143,27.86,24.28,8.23,0
2019,144,19.05,19.61,11.44,0
2019,145,20.79,23.32,7.83,22.85
2019,146,26.51,25.7,11.36,0
2019,147,26.52,23.93,9.79,1.19
2019,148,16.97,21.84,11.22,4.9
2019,149,19.45,18.25,9.96,0.42
2019,150,16.31,20.05,10.35,2.58
2019,151,21.56,21.22,11.57,0
2019,152,19.57,24.73,11.02,2.36
2019,153,17.68,20.03,12.58,2
2019,154,22.78,16.34,6.38,0
2019,155,26.71,18.05,4.83,1.01
2019,156,20.37,23.68,9.04,10.95
2019,157,20.68,22.43,12.97,0
2019,158,27.92,24.19,8.41,0
2019,159,28.6,26.18,8.96,0
2019,160,27.25,27.05,11.38,0
2019,161,13.15,22.18,14.3,13.19
2019,162,18.56,20.52,12.14,0
2019,163,27.09,22.68,7.66,0
2019,164,11.12,18.09,11.45,9.49
2019,165,17.96,19.68,11.47,0
2019,166,16.91,22.54,11.42,9.16
2019,167,8.29,18.8,14.05,14.44
2019,168,23.8,21.68,10.1,0
2019,169,25.05,24.59,11.84,0
2019,170,17.24,26.62,15.08,6.53
2019,171,9.87,22.94,17.22,34.27
2019,172,18.38,22.18,14.2,0
2019,173,24.84,22.91,11.05,0
2019,174,26.38,25.06,11.36,0
2019,175,19.45,25.34,12.04,6.54
2019,176,18.25,26.82,14.67,6.42
2019,177,26.25,28.62,14.38,0
2019,178,25.64,28.38,14.7,0
2019,179,25.95,30.18,15.53,0
2019,180,22.2,28.61,17.4,0.3
2019,181,16.63,22.93,15.61,0
2019,182,25.91,24.9,11.44,0.46
2019,183,23.83,25.71,13.71,0.61
2019,184,22.47,28.26,16.78,0
2019,185,24.89,31.14,17,0
2019,186,15.51,31.42,20.61,6.7
2019,187,11.99,29.19,21.48,24.13
2019,188,19.28,25.8,16.86,0
2019,189,25.14,25.98,13.08,0
2019,190,28.09,28.1,11.17,0
2019,191,27.35,30.29,13.4,0
2019,192,16.63,29.14,17.54,2.45
2019,193,16.17,24.74,17.42,0
2019,194,22.32,27.82,16.37,1.82
2019,195,19.71,26.45,16.86,0
2019,196,24.37,26.74,13.68,0
2019,197,18.93,30.68,15.44,23.97
2019,198,10.68,26.73,19.85,6.03
2019,199,18.06,28.36,19.29,0
2019,200,21.12,31.37,19.75,1.63
2019,201,17.27,32.07,22.78,0
2019,202,14.67,29.41,21.95,0
2019,203,6.34,21.02,17.32,21.65
2019,204,16.17,23.57,16.13,0
2019,205,22.8,24.77,13.13,0
2019,206,24.18,25.65,12.59,0
2019,207,25.06,28.33,13.68,0
2019,208,24.15,29.67,15.56,0
2019,209,15.3,28.25,17.63,10.39
2019,210,21.08,30.09,18.59,0
2019,211,15.5,30.22,18.82,25.44
2019,212,18.74,27.13,17.64,0
2019,213,22.73,26.89,14.39,0
2019,214,25.38,27.81,11.92,0
2019,215,24.25,28.04,13.39,0
2019,216,20.6,25.98,15,0
2019,217,25.47,26.89,10.3,0
2019,218,18.56,29.65,12.86,10.43
2019,219,10.75,25.4,18.02,10.37
2019,220,13.58,26.32,16.66,10.94
2019,221,14.5,24.87,14.65,3.76
2019,222,17.58,22.55,13.76,0
2019,223,22.46,24.52,11.52,0
2019,224,22.25,26.83,13.42,0.74
2019,225,14.43,26.81,15.91,2.1
2019,226,18.51,25.97,15.75,0.56
2019,227,15.82,26.09,13.68,2.53
2019,228,15.04,27.53,15.56,21.27
2019,229,13.26,26.77,16.7,17.54
2019,230,14.15,28.15,16.85,2.86
2019,231,17.4,27.91,17.71,0
2019,232,20.16,28.21,15.36,0.16
2019,233,13.8,28.62,16.97,2.55
2019,234,12.65,25.06,17.87,0
2019,235,17.85,22.17,11.73,0
2019,236,17.5,20.04,10.05,0
2019,237,19.86,22.35,10.04,0
2019,238,19.9,23.08,10.53,0
2019,239,12.55,22.39,12.54,2.63
2019,240,7.92,21.44,15.66,15.55
2019,241,17.55,22.77,12.2,0
2019,242,18.5,24.24,12.44,0
2019,243,19.61,22.33,9.49,0
2019,244,14.37,22.61,10.11,26.87
2019,245,11.54,21.99,12.9,3.54
2019,246,16.11,23.86,13.95,1.65
2019,247,16.07,24.59,14.66,1.43
2019,248,18.94,21.97,9.62,0
2019,249,19.98,22.61,8.37,1.26
2019,250,17.01,20.63,9.87,1.45
2019,251,13.59,20.02,11.97,0
2019,252,16.99,19.88,8.92,0
2019,253,15.2,25.9,8.65,6.07
2019,254,19.62,28.09,11.13,0.35
2019,255,9.19,20.38,14.82,0
2019,256,11.56,19.13,9.03,3.19
2019,257,16.05,21.97,10.85,0
2019,258,16.6,23.07,11,1.76
2019,259,14.92,21.66,11.36,0
2019,260,18.06,21.94,7.36,0
2019,261,18.16,21.82,6.57,0
2019,262,17.88,21.95,6.76,0
2019,263,17.44,23.57,8.38,0
2019,264,17.77,26.56,9.19,0
2019,265,17.1,29.2,11.88,0
2019,266,9.21,25.88,15.82,8.03
2019,267,9.78,19.88,12.63,0.81
2019,268,15.89,23.67,9.05,0
2019,269,10.65,21.67,9.48,2.12
2019,270,15.19,21.23,7.25,0
2019,271,11.66,25.51,9.52,2.14
2019,272,9.29,19.41,11.87,0
2019,273,9.45,17.67,10.09,0.12
2019,274,10.93,27.69,12.17,6.64
2019,275,6.11,22.82,15.81,8.91
2019,276,7.09,16.01,8.22,13.54
2019,277,5.67,11.3,6.93,0
2019,278,13.98,13.73,0.48,0
2019,279,10.89,17.83,2.58,26.65
2019,280,3.82,15.41,11.26,9.49
2019,281,11.57,16.65,5.97,0
2019,282,12.67,16.31,3.82,0
2019,283,13.58,17.92,3.32,0
2019,284,14.19,19.96,2.91,0
2019,285,8.61,14.92,3.47,3.22
2019,286,12.85,16.25,1.92,0
2019,287,11.04,14.13,2.84,0
2019,288,11.69,14.57,1.94,0
2019,289,8.68,15.88,2.88,29.66
2019,290,2.62,9.55,6.48,14.91
2019,291,4.5,8.84,4.82,0
2019,292,11.54,12.81,0.01,0
2019,293,12.19,15.6,0.59,0
2019,294,11.52,17.73,3.8,0
2019,295,7.49,15.83,4.93,12.75
2019,296,9.37,14.57,4.56,0
2019,297,10.83,17.29,3.89,0
2019,298,6.63,12.32,5.63,1.46
2019,299,6.1,12.59,4,7.36
2019,300,7.19,16.49,5.17,3.55
2019,301,8.75,18.13,8.07,0
2019,302,8.44,18.11,8.29,0
2019,303,3.11,15.68,11.31,5.37
2019,304,4.76,18.73,11.69,35.23
2019,305,4.55,8.69,4.1,0
2019,306,5.83,8.36,2.33,0
2019,307,4.93,6.61,1.54,0
2019,308,7.87,8.86,-0.08,0
2019,309,6.41,9.4,2.52,1.88
2019,310,6.36,7.84,0.9,0
2019,311,4.3,6.85,0.69,5.4
2019,312,5.28,0.01,-5.42,0
2019,313,8.17,1.39,-8.17,0
2019,314,8.74,6.77,-4.42,1.07
2019,315,3.25,3.23,-1.18,6.95
2019,316,4.41,-2.58,-6.44,1.62
2019,317,6.73,-3.39,-9.58,0
2019,318,8.88,0.76,-8.69,0
2019,319,7.9,3.8,-4.18,0
2019,320,8.31,0.51,-8.33,0
2019,321,9.49,3.55,-8.92,0
2019,322,8.71,5,-5.53,0
2019,323,4.9,4.65,-0.69,0
2019,324,3.99,4.63,0.44,0
2019,325,6.75,8.63,0.36,0.47
2019,326,6.8,8.84,0.33,0.67
2019,327,7.57,6.36,-4.05,0
2019,328,6.77,6.04,-2.53,0
2019,329,6.37,8.76,0.7,0
2019,330,7.23,13.76,2.85,0
2019,331,5.63,14.2,1.48,5.62
2019,332,3.45,5.86,1.99,1.29
2019,333,2.66,-0.36,-3.22,0
2019,334,3.62,-1.54,-5.52,0
2019,335,4.64,-1.37,-7.96,25.08
2019,336,3.64,0.19,-4.76,3.14
2019,337,6.45,0.15,-7.03,0
2019,338,6.34,1.44,-5.66,1.96
2019,339,1.94,0.56,-1.24,0.87
2019,340,3.59,1.88,-3.12,2.42
2019,341,4.96,-0.87,-6.03,0
2019,342,8.37,3.05,-11.85,0
2019,343,7.83,7.8,-4.44,1.67
2019,344,6.04,9.4,1.97,0.76
2019,345,6.75,1.85,-6.8,0
2019,346,7.31,-0.59,-10.89,0
2019,347,7.8,4.39,-8.6,1.55
2019,348,3.94,5.75,-0.72,23.73
2019,349,3.12,2.7,-0.8,0
2019,350,3.29,0.2,-4.8,2.99
2019,351,1.93,-1.44,-4.13,4.01
2019,352,3.93,-1.96,-7.85,2.53
2019,353,5.15,-7.43,-13.1,0
2019,354,6.67,-6.4,-14.78,0
2019,355,7.96,-1.22,-15.17,0
2019,356,8.03,6.17,-10.14,0
2019,357,7.82,10.61,-4.5,0
2019,358,5.98,4.27,-3.44,0
2019,359,7.5,5.93,-6.28,0
2019,360,6.51,6.87,-2.12,0
2019,361,7.09,10.48,-0.37,0
2019,362,4.82,6.83,0.94,0
2019,363,4.65,4.9,-3.39,19.04
2019,364,5.66,6.07,-1.27,1.82
2019,365,3.31,4.88,1,0.32
2020,1,3.65,2.05,-2.15,0
2020,2,7.29,6.99,-3.82,0
2020,3,4.89,8.27,-0.56,4.53
2020,4,1.84,4.45,1.73,5.28
2020,5,2.04,1.02,-1.96,3.02
2020,6,3.88,2.59,-2.29,0
2020,7,5.39,1.53,-5.63,0
2020,8,4.39,-0.3,-5.76,0.98
2020,9,7.08,-0.16,-11.17,0
2020,10,6.61,7.87,-10.23,2.63
2020,11,7.53,15.99,1.22,1.24
2020,12,5.83,13.56,5.46,0
2020,13,7.05,7.98,-2.54,0
2020,14,6.19,6.89,-1.28,0
2020,15,3.76,5.64,-0.44,3.71
2020,16,4.05,3.33,-1.29,1.67
2020,17,5.39,-6.86,-13.01,0
2020,18,7.08,-0.33,-14.82,5.87
2020,19,8.73,0.77,-10.16,0.93
2020,20,5.86,-5.8,-11.51,0
2020,21,9.04,-4.19,-15.07,0
2020,22,10.02,0.48,-14.52,0
2020,23,10.18,3.82,-11.88,0
2020,24,7.41,8.06,-5.75,2.66
2020,25,3.41,3.95,-0.19,25.22
2020,26,3.36,2.79,-0.15,1.76
2020,27,2.19,1.72,-0.26,1.55
2020,28,2.15,-0.17,-2.05,1.43
2020,29,3.34,-3.09,-6.15,0
2020,30,9.13,-2.27,-13.2,0
2020,31,9.47,0.56,-11.39,0
2020,32,4.13,0.6,-3.12,0.81
2020,33,5.6,1.72,-3.35,1.93
2020,34,8.35,6.65,-2.04,0
2020,35,6.95,4.87,-1.73,0
2020,36,3.31,0.01,-3.81,9.76
2020,37,4.2,0.29,-4.54,11.81
2020,38,2.83,-1.41,-4.46,14.59
2020,39,6.45,-5.7,-10.94,0
2020,40,9.66,0.33,-14.66,2.08
2020,41,11.56,3.98,-6.09,1.02
2020,42,4.33,2.3,-0.52,0
2020,43,6.21,2.75,-3.69,6.44
2020,44,7.35,1.11,-4.23,1.68
2020,45,8.27,-8.58,-14.49,0
2020,46,13.01,-3.14,-19.98,0
2020,47,13.18,2.9,-15.29,0
2020,48,10.27,1.6,-6.6,0
2020,49,11.87,4.58,-5.99,1.89
2020,50,4.77,1.12,-2.03,0.5
2020,51,8.25,-3.72,-8.58,0.26
2020,52,14.53,-0.96,-12.29,0
2020,53,15.71,3.93,-11.41,0
2020,54,15.75,8.16,-6.91,0
2020,55,13.99,11.5,-2.54,0
2020,56,6.46,5.87,0.2,2.34
2020,57,6.6,6.02,0.23,13.81
2020,58,5.33,0.62,-3.79,2.52
2020,59,7.65,-2.34,-6.5,1.39
2020,60,8.2,-4.99,-9.29,0
2020,61,16.47,2.27,-9.62,0
2020,62,17.73,11.71,-5.75,0
2020,63,9.62,11.52,2.19,6.44
2020,64,10.33,8.09,1.54,0
2020,65,11.96,7.35,-0.43,0
2020,66,13.09,7.44,-1.42,1.72
2020,67,12.47,2.64,-5.35,0
2020,68,17.11,12.03,-5.39,0
2020,69,17.1,18.83,0.13,0
2020,70,14.05,16.04,5.58,1.12
2020,71,14.78,8.16,-2.39,0
2020,72,15.83,10.3,-1.9,0.89
2020,73,13.31,12.06,2.94,0.7
2020,74,8.68,5.54,0.32,0
2020,75,10.2,3.25,-2.85,0
2020,76,18.69,8.18,-8.51,0
2020,77,19.89,7.62,-6.14,1.32
2020,78,14.02,8.69,-3.23,6.38
2020,79,13.32,11.84,-1.59,3.62
2020,80,18.31,19.52,3.84,0
2020,81,14.08,4.53,-4.24,0
2020,82,19.77,3.69,-8.78,0.62
2020,83,12.72,2.65,-6.59,9.15
2020,84,7.68,2.85,-0.72,0
2020,85,16.3,7.51,-0.78,0
2020,86,16.55,15.23,-0.01,6.95
2020,87,16.44,11.45,1.39,0
2020,88,10.57,7.81,-0.18,9.44
2020,89,11.65,12.84,3.52,3.65
2020,90,6.8,10.04,5.16,6.13
2020,91,9.28,8.58,3.77,0.61
2020,92,12.47,7.86,1.51,0
2020,93,19.76,9.44,-2.67,0.45
2020,94,11.57,7.18,-0.93,5.99
2020,95,15,10.45,2.6,0
2020,96,15.9,13.05,4.58,0
2020,97,20.92,13.32,0.12,0
2020,98,16.26,15.49,1.2,8.39
2020,99,19.44,13.74,2.91,0
2020,100,12.93,10.04,3.99,1.73
2020,101,13.98,6.02,-0.34,1.75
2020,102,17.94,7.62,-0.97,0
2020,103,23.89,14.82,-1.29,0.56
2020,104,22.87,17.98,3.37,2
2020,105,16.93,10.04,1.84,0
2020,106,13.94,6.37,-2.5,4.98
2020,107,18.57,3.75,-4.78,0
2020,108,13.65,4.38,-3.79,3.78
2020,109,19.25,6.93,-1.76,0
2020,110,24.18,13.32,-0.24,1.54
2020,111,22.88,9.92,-1.61,0
2020,112,22.12,8.89,-1.67,0.83
2020,113,20.22,5.73,-3.14,0
2020,114,19.66,5.31,-3.25,0.85
2020,115,22.46,9.84,-0.91,0
2020,116,23.62,14.75,2.77,0
2020,117,12.79,10.6,3.55,23.82
2020,118,11.87,8.46,2.16,3
2020,119,26.14,13.1,-1.46,0
2020,120,26.81,17.09,0.45,0
2020,121,14.54,17.08,8.19,56.01
2020,122,11.98,14.33,7.52,3.42
2020,123,26.33,19.41,3.69,1.17
2020,124,26.38,24.24,7.14,0
2020,125,9.65,9.25,5.4,1.03
2020,126,22.47,9.93,-0.43,0
2020,127,24.02,10.72,-0.78,0
2020,128,27.01,14.69,-0.44,1.35
2020,129,19.02,7.05,-0.83,1.04
2020,130,13.05,4.04,-2.95,2.13
2020,131,26.6,12.5,-1.51,0
2020,132,13.31,10.58,3.17,2.35
2020,133,21.16,8.57,-0.35,0.62
2020,134,28.04,12.42,-2.82,0
2020,135,29.57,19.59,-0.83,1.22
2020,136,21.77,26.95,4.85,24.04
2020,137,17.08,17.36,9.79,0
2020,138,20.73,21.61,4.81,4.49
2020,139,14.46,15.28,9.03,1.59
2020,140,20.53,21.13,11.41,0
2020,141,26.94,21.94,6.62,0
2020,142,29.16,24.54,4.66,0
2020,143,20.17,25.2,8.86,6.74
2020,144,21.62,25.73,14.34,0
2020,145,23.93,26.24,12.91,0
2020,146,23.52,28.57,15.18,0
2020,147,25.09,32.31,16.33,0
2020,148,20.54,29.13,17.71,0
2020,149,15.83,26.21,18.21,0
2020,150,15.49,29,17.85,8.83
2020,151,20.03,21.69,11.89,1.82
2020,152,20.16,15.12,5.71,0
2020,153,24.91,18.19,5.41,0
2020,154,16.78,19.49,8.62,4.38
2020,155,20.87,23.62,13.19,1.33
2020,156,25.83,28.57,13.31,0
2020,157,23.46,29.37,16.09,0
2020,158,18.86,26.07,16.62,1.02
2020,159,20.7,21.02,10.98,0
2020,160,26.18,22.38,7.86,0
2020,161,28.71,29.37,10.14,0
2020,162,25.69,31.54,15.4,0.19
2020,163,13.49,26.48,19.58,0
2020,164,20.65,22.35,11.94,0
2020,165,21.72,17.03,6.65,0
2020,166,26.93,18.03,3.83,0
2020,167,28.04,21.61,5.45,0
2020,168,28.98,25.24,7.11,0
2020,169,28.39,27.65,9.48,0
2020,170,26.14,29.47,13.45,0
2020,171,22.53,28.69,16,0
2020,172,23.65,30,16.38,0
2020,173,22.47,30.72,17.96,0
2020,174,21.93,31.57,19.05,0
2020,175,15.29,30.8,19.5,4.32
2020,176,20.61,25.65,15.05,0
2020,177,17.91,25.33,12.52,2.22
2020,178,17.27,26.95,14.51,5.37
2020,179,16.3,26.07,14.6,10.64
2020,180,13.93,26.37,16.89,5.04
2020,181,21.18,27.33,16.05,0.94
2020,182,16.25,24.76,16.74,0
2020,183,19.6,26.34,16.29,0
2020,184,25.32,31.12,15.84,0
2020,185,21.42,30.03,18.09,0
2020,186,21.75,29.89,17.79,0
2020,187,26.83,31.29,14.19,0
2020,188,25.59,32.22,16.04,0
2020,189,16.25,31.49,18.66,5.54
2020,190,18.43,30.78,20.45,0.57
2020,191,22.86,33.55,19.65,0
2020,192,14.9,32.44,21,4.14
2020,193,12.57,29.92,20.83,57.93
2020,194,16.82,28.36,19.46,0
2020,195,16.16,25.65,17.44,0.66
2020,196,21.44,26.5,14.96,0
2020,197,23.81,28.62,14.81,0
2020,198,13.13,26.08,17.26,18.77
2020,199,14.94,27.01,19.67,0
2020,200,24.54,30.72,16.13,0
2020,201,17.55,32.69,18.57,6.02
2020,202,17.52,30.02,20.9,0
2020,203,21.73,27.03,15.58,0
2020,204,15.46,27.87,17.07,15.87
2020,205,13.21,28.24,19.31,8.1
2020,206,20.81,28.3,17.25,0
2020,207,22.6,29.54,16.79,0
2020,208,22.27,30.16,17.48,0
2020,209,16.58,32.34,19.14,16.22
2020,210,17.47,29.19,19.98,0
2020,211,14.83,27.29,16.81,10.02
2020,212,16.39,25.3,17.13,0
2020,213,23.43,27.46,13.72,0
2020,214,24.03,29.12,14.26,0
2020,215,22.88,31.43,17.04,0
2020,216,12.19,28.53,19.84,2.13
2020,217,7.57,23.96,19.14,17.69
2020,218,15.2,24.1,16.82,0
2020,219,22.96,24.36,11.68,0
2020,220,22.13,25.09,12.9,0.4
2020,221,20.85,27.26,15.77,0
2020,222,22.2,29.85,16.4,0
2020,223,21.45,31.58,18.22,0
2020,224,15.15,32.6,19.96,2.01
2020,225,20.24,28.48,16.54,0
2020,226,22.51,29.1,14.49,0
2020,227,22.12,28.93,14.67,0
2020,228,20.52,28.65,15.88,0
2020,229,17.08,27.42,17.53,1.38
2020,230,17.44,26.96,16.89,0.71
2020,231,18.37,25.04,14.53,0
2020,232,18.46,22.85,12.43,0
2020,233,23.2,25.48,9.25,0
2020,234,23.33,28.71,10.9,0
2020,235,20.56,29.47,15.09,0
2020,236,20.11,30.77,16.33,0
2020,237,14.59,31.37,17.29,5.47
2020,238,12.24,28.28,17.72,8.98
2020,239,11.8,22.28,12.9,5.12
2020,240,14,26.95,14.25,16.18
2020,241,12.15,24.45,17.15,0
2020,242,14.24,26.86,17.79,1.67
2020,243,15.05,22.7,13.51,0.57
2020,244,19.7,23.3,9.66,0
2020,245,17.51,23.27,11.87,0
2020,246,9.21,25.57,17.88,4.69
2020,247,15.98,25.7,14.96,0.35
2020,248,14.57,23.72,14.23,0
2020,249,18.13,22.56,9.77,0.71
2020,250,16.89,22.61,10.97,0
2020,251,16.97,25.13,12.86,0
2020,252,17.03,29.01,15.79,0
2020,253,18.11,29.48,14.42,0
2020,254,14.93,26.98,16.03,0
2020,255,11.03,18.48,11.47,0
2020,256,18.95,21.09,5.81,0
2020,257,12.1,20.85,9.16,6.7
2020,258,10.26,17.99,11.45,0
2020,259,18.5,18.01,3.13,0
2020,260,19.16,22.24,4.51,0
2020,261,13.54,19.43,9.7,0.34
2020,262,13.83,16.1,6.25,0
2020,263,17.45,14.65,0.49,0
2020,264,17.8,16.08,0.88,0
2020,265,18.32,18.57,1.24,0
2020,266,18.13,19.35,1.69,0
2020,267,18,23.29,4.23,0
2020,268,16.84,25.17,7.97,0
2020,269,15.82,26.22,10.31,0
2020,270,15.39,26.67,11.02,0
2020,271,13.77,27.28,13.69,0
2020,272,9.25,27.79,15.75,2.64
2020,273,4.67,19.88,14.66,33.37
2020,274,8.45,17.08,10.1,0
2020,275,9.21,17.28,9.57,0
2020,276,10.86,15.53,6.16,0
2020,277,9.48,14.29,6.28,0
2020,278,10.83,13.96,4.48,0.57
2020,279,9.79,14.58,6.08,0
2020,280,12.95,17.33,4.5,0
2020,281,8.68,17.86,6.72,4.74
2020,282,7.31,13.89,7.59,0
2020,283,12.89,17.94,4.53,0
2020,284,14.09,25.09,6.64,1.32
2020,285,10.65,17.22,6.5,0
2020,286,8.87,15.19,6.76,0.72
2020,287,6.23,16.71,8.72,2.81
2020,288,10.73,17.17,5.86,0
2020,289,9.47,23.06,6.61,11.75
2020,290,5.22,12.99,6.36,2.18
2020,291,11.92,13.16,-0.61,0
2020,292,11.77,14.26,0.18,0.85
2020,293,5.06,14.16,7.37,16.26
2020,294,3.16,14.29,10.22,4.94
2020,295,10.43,20.7,8.3,1.26
2020,296,7.5,18.38,10.6,1.5
2020,297,7.99,24.01,10.24,3.94
2020,298,4.68,13.6,7.55,2.17
2020,299,5.79,8.76,1.33,5.02
2020,300,6.24,10.21,2,14.04
2020,301,3.45,9.25,5.11,4.84
2020,302,6.68,10.74,4.49,1.42
2020,303,4.03,8.5,3.56,14.69
2020,304,3.7,5.05,1.79,0
2020,305,6.14,6.07,0.33,0
2020,306,6.03,8.95,0.69,6.24
2020,307,8.48,7.13,-1.87,0
2020,308,8.23,6.84,-1.93,0
2020,309,10.45,17.29,-0.08,0
2020,310,9.7,20.4,5.42,0
2020,311,9.04,21.34,8,0
2020,312,9.45,22.06,6.01,0
2020,313,9.64,22.4,4.21,0
2020,314,9.57,23.57,4.31,0
2020,315,6.79,24.09,6.82,6.69
2020,316,4.41,19.36,11.34,9.73
2020,317,5.29,10.09,3.46,0
2020,318,8.38,9.51,-3.53,0
2020,319,6.1,7.4,-0.44,0
2020,320,5.79,10.13,-1.56,3.84
2020,321,2.98,6.64,3.05,0
2020,322,2.94,3.63,0.21,1.9
2020,323,5.16,0.26,-6.05,0
2020,324,8.2,8.98,-5.29,0
2020,325,8.14,17.04,0.91,0
2020,326,4.08,10.12,4.63,0
2020,327,5.39,8.9,-2.72,3.98
2020,328,4.87,6.64,-0.05,0
2020,329,3.05,4.39,0.4,0
2020,330,4.77,8.57,-1.34,7.3
2020,331,4.14,12.88,4.32,3.29
2020,332,2.86,10.33,6.3,0
2020,333,2.63,6.74,3.11,0
2020,334,6.53,10.36,-1.14,0
2020,335,4.18,9.31,0.16,10.76
2020,336,1.4,5.54,2.96,7.2
2020,337,3.41,3,-1.92,1.4
2020,338,6.04,6.95,-3.29,0
2020,339,5.25,7.65,-0.64,0
2020,340,1.61,4.16,1.24,2.68
2020,341,2.28,-0.18,-3.14,0
2020,342,1.67,-1.64,-3.61,0
2020,343,3.29,-0.43,-4.53,0.6
2020,344,3.7,2.26,-4.18,2.57
2020,345,4.92,4.67,-1.63,0
2020,346,6.48,10.14,-0.41,0
2020,347,6.34,11.17,0.84,0
2020,348,4.53,8.84,2.96,0
2020,349,2.97,3.45,-0.05,0.93
2020,350,2.52,-1.36,-4.17,0
2020,351,3.75,-3.99,-9.27,17.63
2020,352,4.35,-4.26,-8.75,0
2020,353,5.76,-3.69,-10.07,0
2020,354,8.02,-1.75,-15.13,0
2020,355,5.77,0.87,-10.53,3.04
2020,356,5.4,3.35,-2.56,0.69
2020,357,3.45,3.09,-0.34,0
2020,358,6.47,5.09,-2.51,0
2020,359,5.44,9.28,-1.01,43.53
2020,360,3.44,4.63,-0.14,3.83
2020,361,4.48,-2.38,-6.81,0
2020,362,5.88,0.38,-5.92,0
2020,363,6.16,4.13,-2.8,0.15
2020,364,4.45,-0.08,-4.42,0
2020,365,7.95,3.09,-8.49,1.34
2021,1,3.99,3.01,-2.6,12.79
2021,2,5.38,4.13,-1.54,0
2021,3,3.49,2.51,-2.1,2.43
2021,4,2.93,1.23,-1.46,0
2021,5,2.16,0.87,-1.04,1.14
2021,6,2.03,0.11,-1.64,0
2021,7,1.81,-1.33,-2.83,0
2021,8,2.46,-3.66,-5.78,0
2021,9,7.19,-1.08,-9.56,0
2021,10,7.35,0.49,-8.4,0
2021,11,6.95,1.86,-5.79,0
2021,12,4.51,0.62,-3.38,0
2021,13,4.61,1.89,-2.19,0
2021,14,5.55,3.62,-1.48,0
2021,15,4.12,4.71,-0.33,8.73
2021,16,4.15,3.22,-0.29,1.6
2021,17,2.84,2.8,-0.33,3.04
2021,18,3.42,0.61,-2.12,1.13
2021,19,3.97,0.43,-2.75,0.89
2021,20,5.56,-0.29,-4.89,0
2021,21,8.33,0.68,-8.25,0
2021,22,6.89,1.39,-4.61,1.94
2021,23,5.09,-4.99,-8.45,1.18
2021,24,7.38,-6.05,-11.39,0
2021,25,10.57,-1.51,-14.35,0
2021,26,7.95,-0.12,-12.19,4.74
2021,27,5.79,-1.15,-4.94,0.49
2021,28,4.51,-6.31,-9.09,1.92
2021,29,7.69,-8.91,-13.96,1.68
2021,30,10.07,-6.43,-14.19,0
2021,31,8.6,-4.73,-16.57,4.86
2021,32,7.8,-3.52,-11.56,5
2021,33,6.52,-2.77,-8.41,19.74
2021,34,5.18,-1.56,-5.74,3.1
2021,35,8.89,2.92,-7.67,2.45
2021,36,12.33,5.61,-6.74,0
2021,37,9.76,-0.03,-6.74,0
2021,38,12.84,-2.04,-14.69,0
2021,39,12.88,-4.71,-16.62,0.48
2021,40,12.77,-3.6,-14.67,0.84
2021,41,10.14,-3.97,-10.71,0.74
2021,42,11.2,-4.16,-11.94,0.46
2021,43,12.95,-7.05,-17.3,0
2021,44,13.4,-6.01,-17.05,0
2021,45,12.46,-4.14,-13.3,0
2021,46,8.48,-2.01,-9.61,15.5
2021,47,11.47,0.75,-7,0
2021,48,13.96,-2.78,-13.81,0
2021,49,12.24,-4.06,-12.45,1.06
2021,50,10.24,-1.54,-8.02,0
2021,51,7.24,-2.34,-6.54,1.94
2021,52,14.66,-0.9,-11.92,0
2021,53,11.42,1.26,-10.89,2.83
2021,54,11.08,2.89,-4.06,1.07
2021,55,15.59,9.66,-2.98,0
2021,56,12.3,4.15,-3.49,0
2021,57,15,3.36,-7.12,0
2021,58,15.63,7.77,-3.9,0
2021,59,14.58,6.54,-3.48,0.86
2021,60,12.43,4.56,-3.11,1.1
2021,61,16.25,-0.74,-12.04,0
2021,62,18.11,4.08,-11.24,0.86
2021,63,9.02,0.14,-4.87,0
2021,64,13.21,-1.24,-9.02,0
2021,65,10.49,-3.15,-8.83,0
2021,66,13.87,-2.46,-10.22,0
2021,67,19.87,5.16,-12.49,0
2021,68,20.14,9.05,-9.59,0
2021,69,19.9,15.33,-2.74,0
2021,70,19.25,19.73,3.18,0
2021,71,17.56,14.27,1.99,0
2021,72,17.51,6.09,-5.34,0
2021,73,14.32,3.17,-5.02,0.77
2021,74,13.89,-1.89,-9.45,0
2021,75,18.28,2.02,-9.25,0
2021,76,20.43,10.14,-4.7,0
2021,77,8.56,6.08,0.01,7.7
2021,78,14.9,1.79,-6.2,0
2021,79,21.91,9.89,-6.83,0
2021,80,23.03,16.4,-5.64,0
2021,81,22.73,18.79,-1.93,0
2021,82,21.58,19.03,1.89,0
2021,83,12.75,15.27,4.55,4.16
2021,84,18.69,21.27,8.3,0
2021,85,16.67,20.4,9.66,1.27
2021,86,17.29,13.04,2.38,0
2021,87,14.08,14.51,2.42,6.82
2021,88,15.04,8.19,-0.31,0
2021,89,23.36,16.82,-1.7,0
2021,90,14.09,14.16,2.26,7.42
2021,91,8.58,4.11,-1.99,3.8
2021,92,14.69,1.47,-6.28,0
2021,93,22.09,7.94,-6.27,0
2021,94,23.27,12.4,-3.74,0
2021,95,20.97,13.26,-0.1,0
2021,96,24.47,16.08,-2.58,0
2021,97,24.91,19.52,-0.24,0
2021,98,22.13,23.5,4.13,0
2021,99,16.51,20.33,9.14,0
2021,100,18,22.84,10.29,0
2021,101,8.64,18.37,11.32,8.77
2021,102,3.73,11.74,9.2,10.12
2021,103,17.03,15.62,5.16,0
2021,104,21.16,18.69,3.87,0
2021,105,6.92,10.42,5.38,8.38
2021,106,5.87,5.96,1.99,18.39
2021,107,12.19,8.19,1.77,1.53
2021,108,16.74,13.05,3.63,0
2021,109,19.75,15.36,3.67,0.64
2021,110,12.3,10.17,4.08,0.52
2021,111,5.19,2.74,-0.23,4.7
2021,112,14.99,3.4,-3.35,0.77
2021,113,25.39,13.08,-3.23,0
2021,114,25.48,17.84,0.87,0
2021,115,17.33,14.4,5.97,0.83
2021,116,20.24,10.1,0.11,0.46
2021,117,26.73,19.37,0.1,0
2021,118,19.59,23.44,4.25,4.1
2021,119,9.56,14.76,8.89,26.6
2021,120,8.4,11.36,6.48,2.16
2021,121,24.75,14.55,0.54,0
2021,122,25.5,17.8,2.39,1.98
2021,123,14.66,18.63,8.84,4.32
2021,124,16.76,22.38,10.23,15.17
2021,125,10.49,14.41,9.92,1.63
2021,126,19.45,12.45,3.88,0
2021,127,17.68,11.87,0.85,17.82
2021,128,21.18,11.29,2.34,0.7
2021,129,16.81,11.99,2.31,11.5
2021,130,21.61,13.37,4.27,0
2021,131,23.72,12.03,1.59,0.63
2021,132,24.65,15.04,3.43,0
2021,133,27.58,18.17,2.82,0
2021,134,28.22,20.5,3.73,0
2021,135,28.09,21.59,4.59,0
2021,136,27.49,22.11,5.77,0
2021,137,27.14,23.68,7.51,0
2021,138,27.54,25.33,8.08,0
2021,139,27.77,27.7,9.44,0
2021,140,27.44,30.61,11.86,0
2021,141,26,31.78,14.5,0
2021,142,22.27,28.83,15.77,0.43
2021,143,18.28,25.41,15.71,0
2021,144,27.15,23.91,7.17,0
2021,145,20.19,27.9,10.07,11.08
2021,146,17.04,29.35,15.64,11.91
2021,147,18.19,19.35,10.32,0
2021,148,6.26,10.72,7.21,18.4
2021,149,14.04,11.82,5.63,0
2021,150,16.71,13.21,5.64,0
2021,151,23.71,19.33,7.18,0
2021,152,25.33,23.11,9.25,0
2021,153,18.17,22.35,9.44,3.05
2021,154,14.73,22.61,12.94,6.46
2021,155,20.26,26.1,15.55,0
2021,156,24.06,30.14,15.99,0
2021,157,24.05,31.06,16.67,0
2021,158,17.41,30.85,17.04,17.64
2021,159,12.55,27.97,19.11,10.99
2021,160,16.13,27.55,19.11,0
2021,161,24.17,26.82,13.03,0
2021,162,23.01,25.83,13.13,1.48
2021,163,19.03,25.67,15.82,0
2021,164,18.54,27.94,13.66,5.78
2021,165,14.12,25.32,15.84,2.5
2021,166,12.4,20.61,12.97,2.39
2021,167,22.32,19.58,8.91,0
2021,168,27.58,22.45,7.11,0
2021,169,20.62,25.19,9.45,3.84
2021,170,17.99,27.96,15.24,12.8
2021,171,18.9,28.23,14.52,4.45
2021,172,18.13,30.36,17.08,6.31
2021,173,16.72,19.08,11.85,0
2021,174,26.49,20.5,7.14,0
2021,175,27.87,24.86,9.35,0
2021,176,24.91,27.07,14.11,0
2021,177,23.29,29.39,17.19,0
2021,178,20.74,32.04,20.96,0
2021,179,14.3,32.87,22.6,8.51
2021,180,16.6,33.05,20.48,11.88
2021,181,13.72,30.16,20.76,8.3
2021,182,10.64,24.84,18.32,7.19
2021,183,12.89,22.81,15.07,4.18
2021,184,11.79,22.02,15.09,3.85
2021,185,21.67,23.49,13.25,0
2021,186,27.82,28.98,11.98,0
2021,187,18.08,29.74,16.59,11.23
2021,188,14.32,27.67,18.45,7.7
2021,189,15.14,26.65,16.88,7.67
2021,190,12.9,25.49,17.51,3.82
2021,191,17.76,24.44,16.38,0
2021,192,13.42,22.71,14.8,43.42
2021,193,17.24,23.77,16.14,0.6
2021,194,16.54,28.73,17.67,10.95
2021,195,12.84,27.3,19.42,3.3
2021,196,22.57,29.25,17.61,0
2021,197,15.85,25.94,18.8,1.08
2021,198,9.59,22.87,17.52,30.71
2021,199,16.95,23.26,16.13,1.01
2021,200,23.86,26.3,14.62,0
2021,201,23.71,28.55,16.55,1.22
2021,202,17.27,23.31,16.12,0
2021,203,22.95,22.9,12.4,0
2021,204,24.45,24.68,12.71,0
2021,205,26.41,26.48,11.98,1.78
2021,206,25.08,27.73,14.36,0
2021,207,24.25,28.71,15.85,0
2021,208,17.99,28.94,16.1,5.98
2021,209,21.8,24.68,14.4,0
2021,210,17.48,23.86,12.51,2.49
2021,211,16.88,21.12,14.01,0
2021,212,24.55,21.52,9.2,0
2021,213,16.35,21.65,11.36,19.74
2021,214,18.76,22.21,13.7,0
2021,215,25.69,24.73,9.82,0
2021,216,25.59,26.15,10.91,0
2021,217,25.01,27.07,12.16,0
2021,218,24.92,29.23,13.44,0
2021,219,22.03,29.35,16.7,0
2021,220,20.45,29.09,17.69,0
2021,221,18.74,29.72,19.38,0
2021,222,17.3,29.7,20.26,0
2021,223,16.2,30.88,21.87,1.05
2021,224,11.81,30.13,21.51,4.43
2021,225,13.35,30.38,20.22,4.79
2021,226,17.06,25.77,16.8,0.46
2021,227,21.73,23.73,11.2,0
2021,228,16.56,24.74,11.25,6.91
2021,229,15.68,26.66,13.74,55.54
2021,230,5.66,24.27,20.36,74.68
2021,231,6.84,25.24,20.48,3.74
2021,232,11.61,27,18.37,3.31
2021,233,10.35,26.69,19.13,8.78
2021,234,11.85,28.15,19.13,4.55
2021,235,14.03,28.17,20.37,0
2021,236,17.01,29.07,19.1,0
2021,237,19.37,30.96,18.39,0
2021,238,17.43,30.69,19.94,0
2021,239,13.22,27.63,20.31,0
2021,240,16.41,27.2,17.76,0
2021,241,11.2,27.98,19.35,2.23
2021,242,13.78,27.95,20.13,1.86
2021,243,17.69,26.6,15.94,0
2021,244,10.57,20.5,15.11,0
2021,245,17.55,19.65,9.96,0
2021,246,17.01,20.46,11.15,0
2021,247,20.1,23.67,10.69,1.56
2021,248,18.48,23.51,12.4,1.04
2021,249,11.45,22.61,14.29,2.61
2021,250,19.38,24.1,11.51,0
2021,251,13.39,23.44,12.49,6.75
2021,252,11.23,22.17,13.78,13.45
2021,253,16.95,21.63,11.54,0
2021,254,18.98,24.09,10.86,0
2021,255,12.77,24.34,13.25,15.5
2021,256,14.01,23.55,15.19,1.73
2021,257,13.12,26.83,14.26,4.29
2021,258,10.84,24.47,15.48,13.88
2021,259,15.7,23.06,13.08,0
2021,260,16.41,25.42,13.88,1.05
2021,261,13.2,24.56,16.06,0
2021,262,16.77,22.13,10.05,0
2021,263,18.02,24.34,9.09,0
2021,264,16,23.52,11.43,0.69
2021,265,7.94,23.09,16.05,3.47
2021,266,5.92,21.93,16.86,33.02
2021,267,14.22,20.04,10.1,0
2021,268,16.34,22.13,8.8,0.01
2021,269,15.37,20.95,8.89,0.74
2021,270,15.44,23.36,10.39,1.7
2021,271,10.44,19.43,12.18,0
2021,272,13.6,18.44,8.11,0
2021,273,10.83,15.79,8.25,0
2021,274,13.96,17.15,6.03,0
2021,275,15.76,22.82,7.01,0
2021,276,8.68,19.77,10.58,28.59
2021,277,5.4,19.87,14.52,10.53
2021,278,4.93,18.38,14.87,0
2021,279,7.46,19.73,14.19,0
2021,280,12.06,24.13,13.64,0
2021,281,11.5,23.21,13.37,0
2021,282,7.83,19.79,13.79,0
2021,283,7.59,20.7,14.82,0
2021,284,9.62,22.03,14.19,0
2021,285,9.75,22.48,14.37,0
2021,286,9.32,22.62,14.82,0
2021,287,11.31,23.01,12.63,0
2021,288,8.49,24.52,13.52,15.18
2021,289,4.7,20.72,15.65,31.25
2021,290,6.25,14.83,8.27,3.68
2021,291,3.22,10.77,7.67,2.25
2021,292,11.68,17.05,5.88,0
2021,293,12.43,21.23,7,0
2021,294,8.5,21.82,9.87,10.87
2021,295,6.49,13.66,8.48,0
2021,296,8.97,9.96,2.35,0.57
2021,297,7.53,12.54,3.21,12.16
2021,298,7.9,16.74,5.95,14.27
2021,299,3.2,12.94,9.52,55.68
2021,300,6.66,12.35,6.89,0
2021,301,11.29,14.27,1.1,0
2021,302,7.8,13.38,2.24,20.02
2021,303,4.38,11.67,6.66,2.87
2021,304,6.03,12.29,7.09,0.01
2021,305,6.4,11.49,6.04,0
2021,306,6.65,8.81,3.18,0
2021,307,7.07,6.98,0.85,0
2021,308,8.44,6.75,-1.33,0
2021,309,9.53,7.95,-2.62,0
2021,310,10.07,10.24,-2.8,0
2021,311,10.26,14.14,-1.91,0
2021,312,10.05,17.15,0.19,0
2021,313,7.12,16.63,2.06,3.09
2021,314,7.56,13.19,4.15,0
2021,315,6.81,13.97,0.25,15.93
2021,316,6.12,13.83,2.61,7.67
2021,317,3.58,8.6,3.28,3.2
2021,318,2.74,5.9,2,4.98
2021,319,2.95,5.35,1.08,2.79
2021,320,5.19,6.01,0.16,0
2021,321,8.23,11.23,-1.42,0
2021,322,5.89,14.18,1.96,6.91
2021,323,5.19,6.53,0.34,0
2021,324,6.55,5.4,-2.94,0
2021,325,6.67,7.9,-1.08,1.73
2021,326,2.96,4.86,1.43,0
2021,327,4.05,1.49,-3.24,0
2021,328,7.66,5.54,-6.46,0
2021,329,5.39,7.7,-3.46,9.33
2021,330,2.61,3.94,0.79,0
2021,331,2.54,0.55,-2.4,1.43
2021,332,2.16,0.6,-2.75,4.56
2021,333,3,0.68,-2.83,0
2021,334,4.91,2.42,-3.79,0
2021,335,4.53,5.2,-0.57,0.57
2021,336,5.86,10.29,1.78,0.77
2021,337,3.5,4.3,-0.11,0
2021,338,5.4,6.11,-1.38,0
2021,339,6.24,8.02,-1.56,0.62
2021,340,4.9,9.93,-0.9,3.37
2021,341,3.24,2.07,-1.88,0.97
2021,342,2.19,-0.26,-3.65,2.8
2021,343,5.37,1.13,-5.66,0
2021,344,4.9,6.18,-3.84,4.12
2021,345,6.81,13.34,0.98,2
2021,346,5.95,8.32,-0.15,0
2021,347,6.38,10.25,0.11,0
2021,348,6.04,8.6,-0.53,0
2021,349,4.98,9.55,-2.44,8.21
2021,350,6.52,15.8,3.23,0
2021,351,4.03,11.05,3.02,3.35
2021,352,2.64,3.93,-0.5,11.62
2021,353,2.11,-1.4,-3.84,0
2021,354,6.13,1.05,-8.06,0
2021,355,6.18,3.41,-5.97,0
2021,356,2.83,2.52,-2.21,2.56
2021,357,4.08,-0.39,-5.5,1.85
2021,358,4.47,3.91,-4.86,2.38
2021,359,4.18,6.79,-1.03,9.99
2021,360,2.69,3.81,0.61,0
2021,361,5.22,3.52,-3.44,0.78
2021,362,4.12,4.74,-2.9,4.99
2021,363,4.36,4.98,-0.63,0
2021,364,3.41,5.45,1.24,1.45
2021,365,4.25,9.76,1.58,9.42
